uid,k,num_prompts,prompt_style,recall_final,precision_final,ndcg_final,ils_final,ap_final,dq_final
267,5,3,cot,0.1923076923076923,0.4000000000000001,0.3359899510246038,0.7918456690697194,0.2843045226617208,0.0
267,5,3,few,0.20940170940170935,0.3,0.2694737324730892,0.7854258843237399,0.26378010369689936,0.3499999999999999
267,5,3,zero,0.20940170940170935,0.25,0.2753199648726248,0.7928006037766301,0.32921965976919537,0.3499999999999999
267,5,5,cot,0.21794871794871792,0.3,0.3345896493980957,0.7893040138950869,0.39329673665973974,0.16666666666666666
267,5,5,few,0.2478632478632478,0.35000000000000003,0.3018322272271254,0.7868946625588094,0.2292249230387775,0.5333333333333333
267,5,5,zero,0.282051282051282,0.3499999999999999,0.3119118990984628,0.7893484133979968,0.3183285824655794,0.4000000000000001
267,10,3,cot,0.282051282051282,0.4000000000000001,0.44503060591164917,0.7917213477281478,0.488318332925531,0.5
267,10,3,few,0.188034188034188,0.3,0.3087246211233348,0.7888635502345646,0.338718081382555,0.5
267,10,3,zero,0.27777777777777773,0.3333333333333333,0.4460267659296096,0.7863746140116882,0.5246508702855452,0.3666666666666667
267,10,5,cot,0.23931623931623927,0.4166666666666667,0.4010397788209628,0.7634055424009943,0.4098858231694919,0.65
267,10,5,few,0.16239316239316234,0.18333333333333332,0.15371562575499184,0.7870501521453025,0.11935911396824707,0.7999999999999999
267,10,5,zero,0.21794871794871792,0.26666666666666666,0.3044821960202196,0.7879913722724959,0.3321650228712922,0.7666666666666666
267,20,1,cot,0.13675213675213668,0.18333333333333335,0.13845672502489062,0.7565775894885697,0.08342089583962646,0.0
267,20,1,few,0.2905982905982906,0.4000000000000001,0.4055264522120629,0.7932670415192434,0.44888288139449123,0.0
267,20,1,zero,0.2564102564102564,0.3499999999999999,0.3825555317223848,0.7916032902287803,0.4635919968834055,0.0
3304,5,3,cot,0.26666666666666666,0.43333333333333335,0.45558015016499653,0.7937777759805558,0.5298536630638023,0.08333333333333333
3304,5,3,few,0.2916666666666667,0.5,0.6216791783233577,0.7934445585033457,0.7536959542435548,0.0
3304,5,3,zero,0.2875,0.45,0.5778081441323163,0.7978175428321624,0.7039041743859856,0.15
3304,5,5,cot,0.24583333333333335,0.43333333333333335,0.432565150879042,0.789899270085252,0.4278990000797276,0.3333333333333333
3304,5,5,few,0.15,0.3,0.2822042508872895,0.7148363555464621,0.3196406062118136,0.25
3304,5,5,zero,0.2416666666666667,0.5666666666666668,0.5684753614142061,0.7959336580392776,0.6338916782821582,0.45
3304,10,3,cot,0.29583333333333334,0.65,0.6916564057196749,0.7984875739912082,0.7354280441780441,0.3
3304,10,3,few,0.2916666666666667,0.5333333333333333,0.5695229880812812,0.7952994126700466,0.611365721123848,0.4333333333333333
3304,10,3,zero,0.25,0.43333333333333335,0.5370220860257495,0.7919730505462543,0.6381668510654578,0.26666666666666666
3304,10,5,cot,0.225,0.5499999999999999,0.5586753192015362,0.8007912235477478,0.5969459089099183,0.5666666666666667
3304,10,5,few,0.25416666666666665,0.5666666666666667,0.6247481923799257,0.7989037025613893,0.6584115789611146,0.75
3304,10,5,zero,0.22916666666666666,0.5,0.5788195694345036,0.7634424693340375,0.6385613638883761,0.5666666666666668
3304,20,1,cot,0.25,0.3,0.3128071919610234,0.7067244314517348,0.33649759725998124,0.0
3304,20,1,few,0.3375000000000001,0.6,0.6888026374311488,0.798030225581862,0.7777952035924173,0.0
3304,20,1,zero,0.3333333333333333,0.5,0.609288615638348,0.7966498104346565,0.7142293560269568,0.0
3541,5,3,cot,0.3063063063063063,0.7666666666666666,0.769890074573632,0.7908005068436935,0.7502242116328803,0.26666666666666666
3541,5,3,few,0.3918918918918919,0.8000000000000002,0.8467455670845535,0.784025633105918,0.9003584530364718,0.45
3541,5,3,zero,0.37837837837837834,0.8000000000000002,0.8443387976381868,0.7869864450066889,0.8825276523012592,0.45
3541,5,5,cot,0.3063063063063063,0.6166666666666667,0.6838415908708324,0.7802605977485589,0.7371334109646804,0.43333333333333335
3541,5,5,few,0.39639639639639634,0.8000000000000002,0.8181959036708163,0.788677400195683,0.8214388337124406,0.6333333333333333
3541,5,5,zero,0.3108108108108108,0.6999999999999998,0.6344543755884623,0.7928143238072041,0.5999461469043512,0.8000000000000002
3541,10,3,cot,0.31531531531531526,0.6666666666666666,0.714156717209181,0.7842719412696643,0.7560580296609709,0.19999999999999998
3541,10,3,few,0.3603603603603603,0.7666666666666666,0.8018659238525081,0.7920150843767333,0.8350057264143952,0.8000000000000002
3541,10,3,zero,0.37837837837837834,0.75,0.7422581120222848,0.7967590990716308,0.7095698061255336,0.9
3541,10,5,cot,0.28378378378378377,0.7166666666666667,0.7315983904107402,0.7842033679742517,0.7352234039753389,0.65
3541,10,5,few,0.3693693693693693,0.7999999999999999,0.837673165404906,0.7948536804798886,0.8687709538483533,0.9333333333333332
3541,10,5,zero,0.3513513513513513,0.7166666666666667,0.7607890520588798,0.796204842082083,0.78377047001273,1.0
3541,20,1,cot,0.2297297297297297,0.5,0.5430210585772252,0.7730229461846029,0.5753301044071168,0.0
3541,20,1,few,0.3378378378378378,0.6666666666666666,0.7469534002939352,0.7883206629261608,0.8425557346706727,0.0
3541,20,1,zero,0.3108108108108108,0.65,0.7252325040606715,0.7877204587119118,0.8115981958358119,0.0
5978,5,3,cot,0.27027027027027023,0.6166666666666667,0.6752827945517591,0.7888149899418014,0.6958822479120467,0.35000000000000003
5978,5,3,few,0.2657657657657657,0.5166666666666667,0.486656948265556,0.7783171218836255,0.46260376212195103,0.5
5978,5,3,zero,0.2567567567567567,0.45,0.4394227997997195,0.7760161772915474,0.4415560649790525,0.45
5978,5,5,cot,0.2477477477477477,0.6333333333333333,0.6843947480079766,0.7896201531522044,0.7257144081408787,0.5666666666666668
5978,5,5,few,0.2477477477477477,0.6166666666666667,0.5949896114867272,0.7860794722451772,0.6185939959450022,0.7000000000000001
5978,5,5,zero,0.2342342342342342,0.5166666666666667,0.48557788375263033,0.7780275111106257,0.45930610797870863,0.5
5978,10,3,cot,0.2612612612612612,0.6333333333333333,0.6375315665876053,0.7864516809374292,0.6479395553563511,0.26666666666666666
5978,10,3,few,0.26126126126126126,0.5666666666666667,0.5049605213839743,0.7854359212412195,0.4692172891321498,0.5833333333333334
5978,10,3,zero,0.2432432432432432,0.55,0.6080066737056099,0.7921328961321704,0.6427098080368204,0.3499999999999999
5978,10,5,cot,0.26576576576576577,0.6833333333333332,0.7288761500839523,0.7876640055139892,0.7721909442323529,0.03333333333333333
5978,10,5,few,0.2522522522522522,0.6666666666666666,0.7182299994097425,0.7908890294755583,0.7608700908797658,1.0
5978,10,5,zero,0.2612612612612612,0.6666666666666666,0.6670574587095314,0.790736019135207,0.7193117812699855,0.9666666666666667
5978,20,1,cot,0.19369369369369363,0.4166666666666667,0.4928839532738254,0.7044513776839878,0.528408034890233,0.0
5978,20,1,few,0.2567567567567567,0.6,0.6293435517262899,0.7895139871330867,0.6405199584127603,0.0
5978,20,1,zero,0.2837837837837837,0.6,0.6370090083532501,0.7886206473009078,0.6769347190477221,0.0
6323,5,3,cot,0.32,0.55,0.5631346848511057,0.7989190839955281,0.5487768662652565,0.3
6323,5,3,few,0.36000000000000004,0.5,0.6453673484599423,0.7929282678426803,0.834385701587714,0.4000000000000001
6323,5,3,zero,0.2933333333333333,0.3666666666666667,0.31963079110179127,0.7860052722471731,0.2900084028315453,0.15
6323,5,5,cot,0.3333333333333333,0.6333333333333333,0.685526367938329,0.7985115289446392,0.7040721581336906,0.6666666666666666
6323,5,5,few,0.30666666666666664,0.5,0.46351800073110266,0.7963245334058581,0.48156638618519426,0.8166666666666668
6323,5,5,zero,0.3288888888888889,0.4000000000000001,0.4317882426229637,0.7872644831212985,0.4067751726401106,0.11666666666666665
6323,10,3,cot,0.33777777777777773,0.6166666666666667,0.6479738898212363,0.7947458086024555,0.7094245045889783,0.45
6323,10,3,few,0.33777777777777773,0.7166666666666667,0.7540746452027663,0.8004311094941771,0.8323824673205479,0.7166666666666667
6323,10,3,zero,0.32,0.5499999999999999,0.6120976872940438,0.7944935437570383,0.661084098506699,0.46666666666666673
6323,10,5,cot,0.32444444444444437,0.5166666666666667,0.597357405034617,0.766905900268155,0.6608019440140184,0.48333333333333334
6323,10,5,few,0.3466666666666667,0.65,0.677488775367447,0.7989551204693508,0.6982446591076621,1.0
6323,10,5,zero,0.33777777777777773,0.5666666666666667,0.5845093412093153,0.7976655327607735,0.5709763538691557,1.0
6323,20,1,cot,0.3866666666666667,0.5,0.4897201085297771,0.7856198726414606,0.5030257713849045,0.0
6323,20,1,few,0.3066666666666666,0.9,0.9015199342555232,0.8096129026867827,0.8870532348628325,0.0
6323,20,1,zero,0.23111111111111104,0.55,0.6512309746966247,0.7948807261606946,0.7419805692386962,0.0
6625,5,3,cot,0.4124999999999999,0.85,0.8971803667232686,0.7934006801491508,0.9648571694759775,0.25
6625,5,3,few,0.3499999999999999,0.9333333333333332,0.9528642816286877,0.7990392422168263,0.97828637156617,0.55
6625,5,3,zero,0.3875,0.7833333333333333,0.8181580953671371,0.7946821977933628,0.8479837951006685,0.4666666666666666
6625,5,5,cot,0.425,0.9,0.9205565824477281,0.7957154960461187,0.9326683142279116,0.65
6625,5,5,few,0.32916666666666666,0.85,0.8768926372983579,0.7909502584896656,0.8913395922819299,0.7000000000000001
6625,5,5,zero,0.3875,0.8333333333333334,0.833694189290688,0.7854187968965634,0.8126191573018199,0.5166666666666667
6625,10,3,cot,0.37916666666666665,0.6999999999999998,0.730800209207056,0.7886622324467747,0.7397777436844772,0.3
6625,10,3,few,0.3833333333333333,0.7833333333333333,0.8420975782201024,0.7890216651967671,0.911460843651246,0.75
6625,10,3,zero,0.3666666666666667,0.8000000000000002,0.84967432617899,0.788435179920507,0.903256305456383,0.8000000000000002
6625,10,5,cot,0.3458333333333334,0.7833333333333333,0.8460486449086776,0.7926121425585863,0.9286827985396097,0.05000000000000001
6625,10,5,few,0.3833333333333333,0.8166666666666668,0.8466564833097733,0.7922656997029419,0.8798964949738943,0.9833333333333334
6625,10,5,zero,0.3833333333333333,0.7999999999999999,0.8407048431393624,0.7897373869452021,0.8747473634180292,0.9833333333333334
6625,20,1,cot,0.4625000000000001,0.8245614035087719,0.8730868049096457,0.7798453318002875,0.933673627186337,0.0
6625,20,1,few,0.425,0.8000000000000002,0.858926906017676,0.7957049335233776,0.9394243469378919,0.0
6625,20,1,zero,0.3666666666666667,0.7763157894736842,0.8127754746713016,0.7858033099875135,0.8491653693818839,0.0
8858,5,3,cot,0.3875,0.8000000000000002,0.8329541135071533,0.7908263127276601,0.8636868634604703,0.20000000000000004
8858,5,3,few,0.35000000000000003,0.6833333333333332,0.7581191528647464,0.78565285685948,0.8284383260215303,0.26666666666666666
8858,5,3,zero,0.3666666666666667,0.75,0.7977329673485407,0.7886218001914233,0.8354777870335145,0.43333333333333335
8858,5,5,cot,0.375,0.85,0.8760072464901739,0.7959143283016678,0.8933411136507111,0.9
8858,5,5,few,0.3416666666666666,0.8833333333333333,0.9094555269999843,0.7970769172258817,0.9326048197158877,0.8666666666666666
8858,5,5,zero,0.375,0.8333333333333334,0.87461462287594,0.7941911180023888,0.9198723935449942,0.8833333333333333
8858,10,3,cot,0.425,0.6999999999999998,0.6828564371826081,0.7839035077498306,0.6504943925183861,0.75
8858,10,3,few,0.3875,0.75,0.7898315800595833,0.793221650015623,0.819096898400304,0.9166666666666666
8858,10,3,zero,0.37083333333333335,0.6833333333333332,0.7573218341541116,0.7872402497652876,0.8362610785327503,0.6833333333333332
8858,10,5,cot,0.45,0.7666666666666666,0.7909873669240906,0.7849651722315406,0.8098084056752787,0.7999999999999999
8858,10,5,few,0.31666666666666665,0.6833333333333332,0.7199713271213101,0.7917845138994752,0.7230857234727205,0.6833333333333332
8858,10,5,zero,0.3625,0.65,0.7103277210284814,0.7869809443067242,0.7535896613276644,1.0
8858,20,1,cot,0.43333333333333335,0.75,0.7825136538973926,0.7770817974499522,0.8130419092861043,0.0
8858,20,1,few,0.4000000000000001,0.6333333333333333,0.6243995354930945,0.7618965381761297,0.5883559153121847,0.0
8858,20,1,zero,0.35000000000000003,0.7333333333333334,0.7939255129468759,0.7882526437051336,0.8507965491537473,0.0
11188,5,3,cot,0.39639639639639634,0.85,0.8610603338230373,0.7939893293450249,0.8505591091485055,0.21666666666666667
11188,5,3,few,0.36486486486486475,0.7999999999999999,0.7424365637711094,0.7904757344769139,0.7381102787391489,0.26666666666666666
11188,5,3,zero,0.34234234234234234,0.7666666666666666,0.7761479711906137,0.7996819755884056,0.7627527016613703,0.2333333333333333
11188,5,5,cot,0.37837837837837834,0.9333333333333332,0.9528340443107822,0.7910972705072755,0.980051780363313,0.7333333333333334
11188,5,5,few,0.37837837837837834,0.7833333333333333,0.8297396719817066,0.7926256978249747,0.8772884820717639,0.5
11188,5,5,zero,0.2972972972972973,0.6833333333333332,0.7346634870484868,0.8055452763274209,0.7739703865535909,0.7000000000000001
11188,10,3,cot,0.40540540540540543,0.85,0.8259530021391691,0.7929860499342402,0.7864303212697176,0.15
11188,10,3,few,0.37837837837837834,0.8000000000000002,0.7999583637484053,0.7932153850354943,0.7870838344232306,0.75
11188,10,3,zero,0.2882882882882883,0.5833333333333334,0.5700753978979506,0.7925449849513365,0.5118626118606769,0.5166666666666667
11188,10,5,cot,0.3288288288288288,0.75,0.6905009650247954,0.7815818980840868,0.6431416261040873,0.7833333333333333
11188,10,5,few,0.37837837837837834,0.85,0.8672555884006479,0.79444680585781,0.8644508260916931,0.9833333333333334
11188,10,5,zero,0.3018018018018018,0.6833333333333332,0.7208419016721516,0.7964177027194391,0.7439378540849129,1.0
11188,20,1,cot,0.20270270270270271,0.8000000000000002,0.7905884224974052,0.7896530602945733,0.7729823854765806,0.0
11188,20,1,few,0.2567567567567567,0.5,0.4792250166226535,0.7958235529924913,0.48840608479927355,0.0
11188,20,1,zero,0.3693693693693693,0.7833333333333333,0.7046494569526459,0.7917662972609615,0.6784079080247812,0.0
12986,5,3,cot,0.375,0.8333333333333334,0.8566390912967794,0.7148343230327773,0.8708374007600015,0.16666666666666666
12986,5,3,few,0.4749999999999999,0.85,0.8870696549921854,0.7908714137338602,0.928426539920348,0.5
12986,5,3,zero,0.325,0.6,0.6722433110003662,0.8370040378021874,0.745724843397057,0.5
12986,5,5,cot,0.3833333333333333,0.8000000000000002,0.8525887714969694,0.7971564411261497,0.9117002998291698,0.6
12986,5,5,few,0.4291666666666667,0.8815789473684211,0.8931859819137284,0.7952952962356222,0.9003773543798189,0.8298245614035088
12986,5,5,zero,0.37916666666666665,0.8000000000000002,0.8267293438436067,0.8089299337686072,0.8623775940262007,0.7333333333333334
12986,10,3,cot,0.3125,0.85,0.8566105702740107,0.787217814830464,0.8457664249808214,0.5666666666666668
12986,10,3,few,0.39166666666666666,0.9499999999999998,0.965687387739183,0.7983592055773193,0.9880465256277948,1.0
12986,10,3,zero,0.39166666666666666,0.9333333333333332,0.9180249899939791,0.774923824934096,0.8934024908270263,0.8333333333333334
12986,10,5,cot,0.25416666666666665,0.6833333333333332,0.7010682747959115,0.7356482197512201,0.7115304010718098,0.7333333333333334
12986,10,5,few,0.3666666666666667,0.8833333333333333,0.8765246824793463,0.7944937272148952,0.8549742952838927,0.8333333333333334
12986,10,5,zero,0.5041666666666667,0.9499999999999998,0.9450514119280141,0.8033014641472631,0.9242796838094826,0.9
12986,20,1,cot,0.25,0.5666666666666667,0.5931623947747934,0.6762015583461323,0.6512820221430903,0.0
12986,20,1,few,0.012500000000000002,0.4000000000000001,0.4626789503874385,0.9068782866454163,0.4706433972803941,0.0
12986,20,1,zero,0.012500000000000002,0.4000000000000001,0.4626789503874385,0.9068782866454163,0.4706433972803941,0.0
13014,5,3,cot,0.3459915611814346,0.7999999999999999,0.8344478766350573,0.7896903685451998,0.8631725561446922,0.26666666666666666
13014,5,3,few,0.3291139240506329,0.75,0.7793147646697859,0.7863372928887385,0.7810983024972963,0.45
13014,5,3,zero,0.3713080168776371,0.8166666666666668,0.7816528468416123,0.7905139998108844,0.773583832962703,0.3666666666666667
13014,5,5,cot,0.30801687763713076,0.7666666666666666,0.8048948769199105,0.789098009991828,0.8297911955748644,0.7000000000000001
13014,5,5,few,0.2784810126582278,0.65,0.610028186780729,0.7944025635361173,0.594110642539435,0.9499999999999998
13014,5,5,zero,0.4177215189873418,0.6999999999999998,0.6642457556546901,0.7913794896637709,0.6809645239521401,0.5
13014,10,3,cot,0.3628691983122363,0.8000000000000002,0.7389631259545367,0.7860538119210858,0.7210976960918912,0.48333333333333334
13014,10,3,few,0.320675105485232,0.8000000000000002,0.8019159022811911,0.7916549091796062,0.8131459538483533,0.7000000000000001
13014,10,3,zero,0.3670886075949367,0.75,0.8123347574125329,0.7879143218655197,0.8884589432325501,0.6999999999999998
13014,10,5,cot,0.4177215189873418,0.85,0.7883869782019458,0.7822752183820217,0.7919536174180136,1.0
13014,10,5,few,0.29957805907172996,0.8000000000000002,0.7400340493381589,0.7927079713954965,0.7313271853848481,1.0
13014,10,5,zero,0.3122362869198312,0.75,0.6953867697854935,0.791290302161051,0.6894731965803947,0.8833333333333333
13014,20,1,cot,0.43037974683544294,0.85,0.8879313225228188,0.7021376681028887,0.926817781032177,0.0
13014,20,1,few,0.3375527426160337,0.8166666666666668,0.8534055647213591,0.7906338723678564,0.8855219128709843,0.0
13014,20,1,zero,0.35864978902953587,0.9,0.9162795159709299,0.7901514601100272,0.9221498049594024,0.0
13472,5,3,cot,0.2125,0.4666666666666666,0.5076269525577605,0.7751882188128282,0.5403627862219194,0.4166666666666667
13472,5,3,few,0.25,0.5666666666666668,0.6368935359818871,0.7908502054602627,0.6728922389100408,0.4000000000000001
13472,5,3,zero,0.2833333333333334,0.4833333333333334,0.47736253211773816,0.7963638779750876,0.5273565304950754,0.4000000000000001
13472,5,5,cot,0.125,0.3833333333333333,0.3819325329380103,0.7310857072579061,0.41135746362913544,0.18333333333333335
13472,5,5,few,0.23749999999999996,0.39999999999999997,0.3439711012334668,0.7894461734555555,0.3350835353157335,0.7333333333333334
13472,5,5,zero,0.2625,0.43333333333333335,0.44420763192887086,0.7926514671884992,0.458531070179677,0.6833333333333332
13472,10,3,cot,0.26666666666666666,0.5333333333333333,0.5697980087561837,0.792274819481809,0.6137997906805955,0.45
13472,10,3,few,0.25833333333333336,0.5,0.45846175829517516,0.7952987686969556,0.42237333050220044,0.6333333333333333
13472,10,3,zero,0.275,0.5,0.4863069725886318,0.7946388654933317,0.5245796606787319,0.7166666666666667
13472,10,5,cot,0.22083333333333333,0.6,0.5770188305227056,0.7847370511941542,0.5350244268974919,0.6
13472,10,5,few,0.2041666666666667,0.5,0.47673448240942834,0.797143961629509,0.4689491834847872,0.9166666666666666
13472,10,5,zero,0.2708333333333333,0.5499999999999999,0.4867690481991631,0.7956250007061375,0.45094253491892805,0.9500000000000001
13472,20,1,cot,0.2916666666666667,0.6333333333333333,0.6758366620726198,0.7796203586807198,0.7282210844710844,0.0
13472,20,1,few,0.2625,0.45,0.3839581302863724,0.7797909344137232,0.3626752644070755,0.0
13472,20,1,zero,0.25833333333333336,0.4166666666666667,0.36135654378094406,0.7816243968452268,0.3495400098554123,0.0
13656,5,3,cot,0.3287671232876712,0.8000000000000002,0.8204207371555863,0.7915522782334093,0.8379145570631638,0.05000000000000001
13656,5,3,few,0.35616438356164376,0.75,0.7645927483773564,0.7912086058696476,0.7541126988766308,0.31666666666666665
13656,5,3,zero,0.1598173515981735,0.48333333333333334,0.5320245312472204,0.780755083841903,0.5516848669190001,0.4166666666666667
13656,5,5,cot,0.3150684931506849,0.6999999999999998,0.7487988409349912,0.789402755574907,0.7837945155979211,0.6999999999999998
13656,5,5,few,0.2602739726027397,0.7333333333333334,0.7096865186394649,0.7407664430567236,0.6584566702504008,0.5166666666666667
13656,5,5,zero,0.17808219178082188,0.5,0.5871972370443582,0.7889594550985777,0.6465835527561534,0.8000000000000002
13656,10,3,cot,0.273972602739726,0.6,0.590860435238543,0.7779357828133674,0.534328927221729,0.85
13656,10,3,few,0.2465753424657534,0.7000000000000001,0.7128825875674267,0.7934912539872734,0.7057669165486503,0.8333333333333334
13656,10,3,zero,0.22374429223744294,0.43333333333333335,0.47945493048165116,0.7317148220449141,0.5037393290547315,0.65
13656,10,5,cot,0.35616438356164376,0.6666666666666666,0.7000472584735916,0.789896988782475,0.747581841819458,0.10000000000000002
13656,10,5,few,0.24200913242009134,0.6833333333333332,0.7210312516599574,0.7949987639414111,0.7386584626387257,0.9333333333333332
13656,10,5,zero,0.182648401826484,0.39999999999999997,0.43538903866777207,0.7570121838178583,0.45334463287830157,0.5833333333333334
13656,20,1,cot,0.1232876712328767,0.3,0.3656111599553547,0.696044555084864,0.39206468948148504,0.0
13656,20,1,few,0.2876712328767123,0.6999999999999998,0.695416474385879,0.7923665868446492,0.6711615117052423,0.0
13656,20,1,zero,0.3013698630136986,0.5833333333333334,0.6148600131780675,0.7885009008401295,0.6500800715022851,0.0
14918,5,3,cot,0.3333333333333333,0.7666666666666666,0.789789904260783,0.7965970596212363,0.7906541683863665,0.31666666666666665
14918,5,3,few,0.4133333333333333,0.85,0.8931202674691584,0.7924154419547179,0.9471141513285476,0.4000000000000001
14918,5,3,zero,0.41333333333333333,0.7999999999999999,0.8327828893908581,0.7868392573540701,0.8509759924601257,0.3
14918,5,5,cot,0.4000000000000001,0.8000000000000002,0.7298557921778256,0.7883994852973869,0.6964230420422372,0.55
14918,5,5,few,0.3688888888888889,0.75,0.6637070704512379,0.7881143409748104,0.6052066941056878,0.5
14918,5,5,zero,0.39111111111111113,0.7833333333333333,0.7356170104813328,0.7866093514115496,0.7042085357739384,0.48333333333333334
14918,10,3,cot,0.3111111111111111,0.7000000000000001,0.7486135677702402,0.78348699471903,0.7842806216258228,0.43333333333333335
14918,10,3,few,0.3466666666666666,0.7999999999999999,0.8421011789652111,0.7989062041984628,0.8794020768962719,0.6166666666666667
14918,10,3,zero,0.37777777777777777,0.8166666666666668,0.8501785788583965,0.7876972027083108,0.8746679408482815,0.5499999999999999
14918,10,5,cot,0.30222222222222217,0.7833333333333333,0.8249653229466363,0.7936385619131051,0.8640945637036969,0.9
14918,10,5,few,0.38666666666666666,0.9166666666666666,0.9306028521052251,0.7969719268358425,0.9385903071816384,0.9666666666666667
14918,10,5,zero,0.391111111111111,0.8833333333333333,0.9165510715490854,0.7944177880714443,0.9579646845242821,0.9333333333333332
14918,20,1,cot,0.3244444444444445,0.6166666666666667,0.7086971818911459,0.7786017130564171,0.8088673935713407,0.0
14918,20,1,few,0.3511111111111111,0.55,0.6149022884206047,0.7863205336673622,0.7004818919041055,0.0
14918,20,1,zero,0.2933333333333334,0.5666666666666668,0.6125472138525835,0.7840951176213812,0.6497910835294737,0.0
15783,5,3,cot,0.2236842105263158,0.5,0.4042235184672205,0.7855931979699027,0.3237997445021439,0.05000000000000001
15783,5,3,few,0.18421052631578938,0.39999999999999997,0.37816540127211423,0.784883115957216,0.3707292193244205,0.45
15783,5,3,zero,0.14473684210526308,0.26666666666666666,0.3181131765506245,0.7855698492925279,0.3730631225929213,0.3666666666666667
15783,5,5,cot,0.1798245614035087,0.3,0.26660740441160363,0.7902522808064907,0.25911014302461666,0.6333333333333333
15783,5,5,few,0.17543859649122803,0.31666666666666665,0.3211431326871655,0.7856365206348969,0.36414796532443594,0.75
15783,5,5,zero,0.20614035087719293,0.45,0.43501397662773833,0.791946714264407,0.45319450179163806,0.65
15783,10,3,cot,0.1578947368421052,0.3,0.3332905982970073,0.7918178421081571,0.31798432268053006,0.4833333333333334
15783,10,3,few,0.25438596491228066,0.5666666666666668,0.5686665373258223,0.7880516268072567,0.6336640998463755,0.5666666666666668
15783,10,3,zero,0.2105263157894736,0.6,0.6662293739256413,0.7981356727196229,0.7081716327188463,0.65
15783,10,5,cot,0.18421052631578946,0.39999999999999997,0.4339046118140031,0.7874094439047874,0.479309873061808,0.45
15783,10,5,few,0.1885964912280701,0.5333333333333333,0.5213950768456861,0.7972314797909333,0.5318480816139485,0.9833333333333334
15783,10,5,zero,0.2105263157894736,0.31666666666666665,0.31364350251449924,0.7868263406985171,0.30267363291163596,0.7666666666666666
15783,20,1,cot,0.17543859649122798,0.26666666666666666,0.27636523587948464,0.624956976635496,0.3318411337974031,0.0
15783,20,1,few,0.1491228070175438,0.2833333333333333,0.23543137805859946,0.7923498248946347,0.20915589556069425,0.0
15783,20,1,zero,0.1535087719298245,0.25,0.2026416570126706,0.7875597481917472,0.17102342109501548,0.0
17307,5,3,cot,0.2747747747747748,0.6,0.5945417307035159,0.7901206724708899,0.6190408784971478,0.0
17307,5,3,few,0.34234234234234234,0.65,0.6748624847348536,0.7943051878502047,0.6715332251168165,0.3666666666666667
17307,5,3,zero,0.37387387387387383,0.7666666666666666,0.8097513597398639,0.7997750746970235,0.8422211403577503,0.45
17307,5,5,cot,0.24774774774774766,0.48333333333333334,0.46467533678253825,0.7893185723120443,0.47145699974260347,0.5166666666666667
17307,5,5,few,0.2972972972972973,0.6,0.6762054617797909,0.7969368949518403,0.7373892645022675,0.85
17307,5,5,zero,0.2972972972972973,0.65,0.7288707279129195,0.7982278759272856,0.8015326415500562,0.9
17307,10,3,cot,0.2477477477477477,0.5666666666666668,0.6397911277391545,0.7907705390112612,0.6874982194448139,0.7666666666666666
17307,10,3,few,0.27027027027027023,0.4833333333333334,0.4451916303892998,0.7905962789535069,0.4254775822732478,0.6166666666666667
17307,10,3,zero,0.28828828828828823,0.6333333333333333,0.7064582337731137,0.7959061826264571,0.7737125228572596,0.8166666666666668
17307,10,5,cot,0.3018018018018018,0.6666666666666666,0.6529757840190044,0.7928029515055571,0.6488936046753383,0.6833333333333332
17307,10,5,few,0.2702702702702703,0.65,0.6705831602735093,0.7952865124853156,0.6834284774822702,0.9499999999999998
17307,10,5,zero,0.28378378378378377,0.65,0.6873228467027985,0.7939708984318282,0.7078576070758732,0.9833333333333334
17307,20,1,cot,0.2297297297297297,0.3833333333333333,0.4149975459461082,0.7732144146299681,0.4060921417190766,0.0
17307,20,1,few,0.3378378378378378,0.55,0.5490526574632492,0.7922063213373884,0.5129255389433408,0.0
17307,20,1,zero,0.31981981981981983,0.5833333333333334,0.5759439530344638,0.7955316452534508,0.537205742672074,0.0
18295,5,3,cot,0.25,0.5166666666666667,0.5209618687889704,0.787379012651757,0.578481729112534,0.3333333333333333
18295,5,3,few,0.23245614035087714,0.5333333333333333,0.5009638154826487,0.785457330460886,0.4739834710210098,0.3499999999999999
18295,5,3,zero,0.1842105263157894,0.6,0.5631197374052992,0.7935642627241037,0.5520886674814693,0.3
18295,5,5,cot,0.25438596491228066,0.48333333333333334,0.5190409530984644,0.7872165618746769,0.5291400642271386,0.8166666666666668
18295,5,5,few,0.2675438596491228,0.6,0.6279674323656971,0.7946296881738784,0.6581318433601715,0.7000000000000001
18295,5,5,zero,0.24122807017543857,0.5166666666666667,0.5140711738095427,0.7853740339018924,0.5158515087423755,0.6833333333333332
18295,10,3,cot,0.3026315789473684,0.6166666666666667,0.5880728130574265,0.7820148892351776,0.595396601019666,0.4000000000000001
18295,10,3,few,0.3421052631578947,0.55,0.5646534634400151,0.772257867609043,0.5613788269264276,0.5
18295,10,3,zero,0.2631578947368421,0.55,0.6802859241174076,0.7878577351314698,0.8502659966882101,0.75
18295,10,5,cot,0.2850877192982456,0.5666666666666668,0.557197905705083,0.7809562315511576,0.6000109535287553,0.5
18295,10,5,few,0.21929824561403508,0.5666666666666668,0.4909574896366718,0.7969782092595841,0.4204189979983323,0.9833333333333334
18295,10,5,zero,0.24122807017543857,0.5666666666666667,0.5487759211817286,0.7875830718467673,0.522543592458453,0.8833333333333333
18295,20,1,cot,0.17105263157894726,0.5333333333333333,0.4997044593717113,0.7682309598066234,0.497989417989418,0.0
18295,20,1,few,0.23684210526315783,0.45,0.4540747518957244,0.789463077038795,0.512454512936324,0.0
18295,20,1,zero,0.20614035087719287,0.3499999999999999,0.3262990617559917,0.784772987935797,0.32984362179215115,0.0
19741,5,3,cot,0.1875,0.4000000000000001,0.4429580120014178,0.7929672151929704,0.4918880407231801,0.0
19741,5,3,few,0.17499999999999996,0.3499999999999999,0.4066011903303641,0.7920672062441353,0.4129389541057497,0.0
19741,5,3,zero,0.17916666666666667,0.5,0.4968083291896617,0.7934789000523118,0.44170047802787743,0.06666666666666667
19741,5,5,cot,0.2125,0.3833333333333333,0.36838916259167487,0.7995686015244311,0.38093271172412035,0.3
19741,5,5,few,0.125,0.18333333333333335,0.17375487703931114,0.6533285571458217,0.14541900823634568,0.16666666666666666
19741,5,5,zero,0.19166666666666665,0.4166666666666667,0.3978957375464915,0.791839729388593,0.3677761916016559,0.5499999999999999
19741,10,3,cot,0.17916666666666667,0.3666666666666667,0.32832581858278265,0.7961818394078221,0.3191316056950731,0.18333333333333335
19741,10,3,few,0.16666666666666666,0.4166666666666667,0.4263762979445757,0.7933549164467975,0.4321406448728429,0.3666666666666667
19741,10,3,zero,0.14583333333333334,0.3666666666666667,0.3823095450010554,0.7497781409773787,0.3914464300319563,0.43333333333333335
19741,10,5,cot,0.12083333333333335,0.31666666666666665,0.3472517979545456,0.7970589661615537,0.39983496351143416,0.11666666666666665
19741,10,5,few,0.17500000000000002,0.4833333333333334,0.5115325474798483,0.7616400386380294,0.5462234978643649,0.5666666666666668
19741,10,5,zero,0.2125,0.43333333333333335,0.45087379665033245,0.7945822918797303,0.4903327536899518,0.9833333333333334
19741,20,1,cot,0.20833333333333334,0.11666666666666665,0.11971385451902533,0.7892603578118083,0.15134343619057233,0.0
19741,20,1,few,0.2125,0.25,0.3265373899339293,0.7952873288112482,0.37981314716415343,0.0
19741,20,1,zero,0.1875,0.45,0.3703808252982954,0.7975402702618722,0.3204825807147788,0.0
20897,5,3,cot,0.45175438596491224,0.75,0.794364761767317,0.7916423173054777,0.8330924150525544,0.2333333333333333
20897,5,3,few,0.5087719298245613,0.7000000000000001,0.7704806321354022,0.7839656313398854,0.8471431825398543,0.3666666666666667
20897,5,3,zero,0.5482456140350878,0.65,0.7404960974407436,0.7899343835129028,0.8408048596283889,0.4666666666666666
20897,5,5,cot,0.456140350877193,0.6666666666666666,0.7228937495844511,0.790334145604786,0.7705738807402893,0.6166666666666667
20897,5,5,few,0.543859649122807,0.6999999999999998,0.7437516141853395,0.7916108903451935,0.7511796846084771,0.8166666666666668
20897,5,5,zero,0.5614035087719298,0.7333333333333334,0.8017837146176093,0.7910536833961208,0.8764609481076198,0.8166666666666668
20897,10,3,cot,0.4210526315789473,0.75,0.7935001430048553,0.7870926160672619,0.8262035393227342,0.5
20897,10,3,few,0.48245614035087714,0.6166666666666667,0.5980152888689155,0.7868641278187251,0.5505871726169713,0.6666666666666666
20897,10,3,zero,0.5526315789473685,0.6833333333333332,0.6785008410716581,0.7917461050667952,0.6975543669293668,0.9
20897,10,5,cot,0.5,0.6,0.6713281211836262,0.7871218047684944,0.7235431106561135,1.0
20897,10,5,few,0.44298245614035087,0.7666666666666666,0.8151202679831059,0.7953310134004692,0.8473180069987346,1.0
20897,10,5,zero,0.4912280701754386,0.7166666666666667,0.7437167423780425,0.788766095890256,0.7615299480934157,1.0
20897,20,1,cot,0.4868421052631579,0.65,0.6696220562137732,0.7788018399295765,0.6574062409898322,0.0
20897,20,1,few,0.48245614035087714,0.6833333333333332,0.7551613704619308,0.7856174408536463,0.8221403742456372,0.0
20897,20,1,zero,0.3991228070175438,0.5833333333333334,0.6812431772082724,0.7877106565004403,0.7755131501338931,0.0
22035,5,3,cot,0.2905982905982905,0.65,0.725361232089424,0.7865106354310912,0.8030998603792723,0.31666666666666665
22035,5,3,few,0.4230769230769231,0.6999999999999998,0.7035304618715452,0.7937089087592324,0.656934133333127,0.45
22035,5,3,zero,0.3931623931623931,0.9,0.9168242583303599,0.7978167441565458,0.9258910242520922,0.45
22035,5,5,cot,0.3376068376068376,0.7999999999999999,0.7624397260215915,0.7945851288843766,0.7578488255094292,0.6333333333333333
22035,5,5,few,0.4230769230769231,0.6999999999999998,0.7035304618715452,0.7937089087592324,0.656934133333127,0.5
22035,5,5,zero,0.3547008547008547,0.7666666666666666,0.7752598011311246,0.7999330941432654,0.7924663777914552,0.75
22035,10,3,cot,0.31196581196581197,0.6833333333333332,0.7285583808808281,0.7859490215711519,0.7670130366279747,0.43333333333333335
22035,10,3,few,0.3974358974358974,0.9166666666666666,0.9106637841591759,0.802293304463837,0.8932959950123261,0.9333333333333332
22035,10,3,zero,0.3547008547008547,0.7999999999999999,0.8208391647737073,0.7951640964530217,0.8429835005609,0.75
22035,10,5,cot,0.32051282051282054,0.8333333333333334,0.8532351123036279,0.7895126831832696,0.8577890799717426,0.2833333333333333
22035,10,5,few,0.2905982905982906,0.75,0.7661191655821389,0.7927124487177912,0.7772624263278288,0.7000000000000001
22035,10,5,zero,0.3205128205128205,0.8166666666666668,0.8112228285965751,0.7964871102080515,0.7992294125150163,1.0
22035,20,1,cot,0.27777777777777773,0.6666666666666666,0.6993688202623618,0.7514615804293575,0.7123826833211506,0.0
22035,20,1,few,0.3717948717948718,0.9,0.9165393464578058,0.7986150241731377,0.9291481048621139,0.0
22035,20,1,zero,0.358974358974359,0.85,0.8673777977587652,0.7964145098746908,0.8689039791477873,0.0
24573,5,3,cot,0.16,0.5166666666666667,0.4582620337833135,0.787542954184338,0.4518519390539515,0.016666666666666666
24573,5,3,few,0.21777777777777774,0.5833333333333334,0.6139523580946661,0.7884615668505965,0.634252336429194,0.45
24573,5,3,zero,0.20000000000000004,0.5,0.6010841614861908,0.781559425649403,0.691713517820329,0.45
24573,5,5,cot,0.19555555555555557,0.6833333333333332,0.6770988511296716,0.7928621891512577,0.6693505646543572,0.5166666666666667
24573,5,5,few,0.2133333333333333,0.65,0.6669926265242992,0.7986880841259021,0.6453891556929482,0.8000000000000002
24573,5,5,zero,0.24444444444444444,0.5833333333333334,0.521811113570889,0.7624264784280642,0.457323402789734,0.5666666666666667
24573,10,3,cot,0.23999999999999996,0.6833333333333332,0.7021728120783358,0.7954560162137211,0.7279662235912236,0.15
24573,10,3,few,0.20444444444444443,0.6833333333333332,0.7605223442483154,0.7933984339239949,0.8564394408337906,0.8166666666666668
24573,10,3,zero,0.23555555555555552,0.7333333333333334,0.7791851544734119,0.8004491621465754,0.8264386076170132,0.8333333333333334
24573,10,5,cot,0.28444444444444444,0.7000000000000001,0.7300441121680442,0.7931489931887369,0.7388851555221523,0.7833333333333333
24573,10,5,few,0.18222222222222217,0.6666666666666666,0.7306644899252749,0.7949205451843331,0.7928141816473859,0.9666666666666667
24573,10,5,zero,0.24444444444444444,0.7833333333333333,0.8027098540414572,0.8021635870682743,0.784033465745927,0.9666666666666667
24573,20,1,cot,0.3422222222222222,0.6666666666666666,0.6728781510090647,0.7012533134245734,0.6671191600796864,0.0
24573,20,1,few,0.2133333333333333,0.75,0.8098682427568291,0.7955365397461641,0.878060501804697,0.0
24573,20,1,zero,0.21777777777777774,0.7666666666666666,0.8142874775992155,0.7972619341898262,0.859444011082943,0.0
24592,5,3,cot,0.28571428571428564,0.5833333333333334,0.6148618008946354,0.7155707870051987,0.6106026766204785,0.13333333333333333
24592,5,3,few,0.3419913419913419,0.7166666666666667,0.6919762762264022,0.7914160843047392,0.6504548572485879,0.45
24592,5,3,zero,0.2987012987012987,0.6999999999999998,0.7231828968933612,0.7936215733490735,0.7178395062682986,0.43333333333333335
24592,5,5,cot,0.3376623376623376,0.6833333333333332,0.6505315493498597,0.7929161379646228,0.6399902017916724,0.6
24592,5,5,few,0.2857142857142857,0.4666666666666666,0.38729089630360675,0.7775316688011417,0.3141694537689119,0.5
24592,5,5,zero,0.3203463203463203,0.6,0.6787903438091525,0.7811950529555302,0.7355372303708217,0.5833333333333334
24592,10,3,cot,0.3376623376623376,0.75,0.7867802228633063,0.7899147553331552,0.807485909987845,0.65
24592,10,3,few,0.24675324675324672,0.45,0.4670036488703762,0.7791166950857025,0.5410784601535376,0.18333333333333335
24592,10,3,zero,0.2727272727272727,0.65,0.694156805860367,0.7922255584231671,0.7061838032968063,0.8000000000000002
24592,10,5,cot,0.26839826839826836,0.5499999999999999,0.6506785024892512,0.7820740807394323,0.766490052130532,0.3333333333333333
24592,10,5,few,0.2424242424242424,0.5333333333333333,0.5658177515403279,0.7927018851002571,0.6351213180953893,0.7166666666666667
24592,10,5,zero,0.23809523809523803,0.5499999999999999,0.5883920033179907,0.7906938605163666,0.619619554708564,0.9
24592,20,1,cot,0.3116883116883117,0.6,0.5596277626498534,0.7811112037121218,0.5531515373601287,0.0
24592,20,1,few,0.29437229437229434,0.6833333333333332,0.7716650277573821,0.7821696947248875,0.8803613866210616,0.0
24592,20,1,zero,0.25974025974025966,0.6,0.6429369030932014,0.7911666262190628,0.6777325571888264,0.0
28452,5,3,cot,0.24166666666666667,0.6,0.6032566884361444,0.7849152148949137,0.5968272768253419,0.26666666666666666
28452,5,3,few,0.20833333333333334,0.5333333333333333,0.5909215610051807,0.791817623808274,0.6483418005999276,0.26666666666666666
28452,5,3,zero,0.24583333333333335,0.6666666666666666,0.720477641409996,0.788761364553137,0.768664255779194,0.3
28452,5,5,cot,0.22916666666666666,0.55,0.5834199628147427,0.786410157883214,0.6147686213282189,0.21666666666666667
28452,5,5,few,0.275,0.6,0.6179984475201078,0.781344127995952,0.633109244127046,0.5
28452,5,5,zero,0.17499999999999996,0.6,0.6488704668615028,0.7852986805693042,0.7062036445666476,0.45
28452,10,3,cot,0.19999999999999998,0.5,0.5468904999684652,0.7877903535026104,0.5860263570422238,0.2833333333333333
28452,10,3,few,0.19166666666666665,0.5166666666666667,0.5959314322339643,0.7916397404356029,0.6751159384847464,0.31666666666666665
28452,10,3,zero,0.225,0.6,0.6902340415876703,0.792252650619227,0.76973141824922,0.6666666666666666
28452,10,5,cot,0.1875,0.4833333333333334,0.5535746946370139,0.7848020893149864,0.5994698348607017,0.39999999999999997
28452,10,5,few,0.19583333333333333,0.55,0.5552944592685672,0.7940759861662441,0.6278136832064851,0.9
28452,10,5,zero,0.24583333333333335,0.5333333333333333,0.5857364008406291,0.7930060683110384,0.6560458221545682,1.0
28452,20,1,cot,0.275,0.6333333333333333,0.6183835688050459,0.7836750742002225,0.6717409972924678,0.0
28452,20,1,few,0.20000000000000004,0.3833333333333333,0.37728721607761884,0.7895186264682005,0.39412864225557726,0.0
28452,20,1,zero,0.22083333333333333,0.3833333333333333,0.38495035810367484,0.788226534511356,0.4030003363652744,0.0
29421,5,3,cot,0.12162162162162156,0.18333333333333335,0.2414620204817887,0.7890952503508936,0.28966316513723633,0.16666666666666666
29421,5,3,few,0.2297297297297297,0.3499999999999999,0.40129754875091045,0.7807470073132231,0.43992548945722315,0.05000000000000001
29421,5,3,zero,0.18918918918918917,0.2631578947368421,0.25433605024331757,0.7811051164921642,0.25191131974984016,0.1052631578947368
29421,5,5,cot,0.27027027027027023,0.3859649122807017,0.30144057780215133,0.7790605994423284,0.23159661432840506,0.4035087719298245
29421,5,5,few,0.1261261261261261,0.25,0.35381640338461123,0.7928607032072442,0.43728338525939153,0.05000000000000001
29421,5,5,zero,0.20270270270270271,0.2631578947368421,0.3119214946906579,0.775177807770634,0.3201458357784739,0.1578947368421052
29421,10,3,cot,0.16666666666666666,0.26666666666666666,0.3350614182845038,0.7907161350109394,0.43225521726295724,0.06666666666666667
29421,10,3,few,0.17567567567567557,0.243859649122807,0.29408229713655193,0.706230884141755,0.29878528798644494,0.26228070175438595
29421,10,3,zero,0.20270270270270271,0.2982456140350877,0.3102791997685053,0.7769187092375796,0.30693889805630065,0.15789473684210523
29421,10,5,cot,0.1576576576576576,0.2780701754385965,0.2688066138728111,0.7841775497382524,0.28112244491969923,0.6868421052631578
29421,10,5,few,0.09459459459459456,0.21666666666666667,0.24898738178242677,0.7185392819559328,0.28435769818703255,0.5166666666666667
29421,10,5,zero,0.07657657657657653,0.21666666666666667,0.24393836613471395,0.7915798133592783,0.28409166620273424,0.3
29421,20,1,cot,0.0405405405405405,0.10000000000000002,0.0794434175522719,0.7024253721789807,0.0673316857720882,0.0
29421,20,1,few,0.2072072072072072,0.21666666666666667,0.22508798853194753,0.7912486598560909,0.24679542078148878,0.0
29421,20,1,zero,0.1216216216216216,0.20000000000000004,0.22241008522529312,0.7909388985081729,0.2922661853969903,0.0
29947,5,3,cot,0.3111111111111111,0.7833333333333333,0.8216366682533108,0.7896410807031066,0.8513907122575853,0.25
29947,5,3,few,0.2533333333333333,0.6833333333333332,0.7104411975956025,0.787156731600369,0.6836560970848895,0.45
29947,5,3,zero,0.32,0.8000000000000002,0.8227854256072237,0.7925919752961432,0.8310124058518022,0.45
29947,5,5,cot,0.3333333333333333,0.7333333333333334,0.7638962849673642,0.7867752160102474,0.773002672994933,0.5333333333333333
29947,5,5,few,0.24,0.65,0.6956552853786461,0.7904640735703882,0.7630095674019822,0.75
29947,5,5,zero,0.2533333333333333,0.6999999999999998,0.7446600728708209,0.7901369072180153,0.7806735189475126,0.6999999999999998
29947,10,3,cot,0.31555555555555553,0.75,0.7623037979069102,0.7869133830523838,0.7401507992065267,0.4166666666666667
29947,10,3,few,0.3333333333333333,0.8000000000000002,0.8329031556138619,0.7917939060779449,0.8653001779781967,0.9499999999999998
29947,10,3,zero,0.2533333333333333,0.6999999999999998,0.6726547381585649,0.7898343140045102,0.7063124426456469,0.55
29947,10,5,cot,0.27999999999999997,0.6166666666666667,0.5996573168517499,0.7904122588410699,0.6126266891146922,0.9333333333333332
29947,10,5,few,0.28444444444444444,0.7333333333333334,0.734596016397321,0.793897416352929,0.7247858305694992,0.9833333333333334
29947,10,5,zero,0.27999999999999997,0.7666666666666666,0.8162396580442158,0.790185317069012,0.8579203880055273,0.75
29947,20,1,cot,0.1466666666666666,0.6095238095238095,0.5158458731084689,0.7499234177330538,0.4156773195108003,0.0
29947,20,1,few,0.38666666666666655,0.8000000000000002,0.8381251695836472,0.7914591591535688,0.8865176009061457,0.0
29947,20,1,zero,0.3066666666666666,0.7166666666666667,0.7743400886747255,0.7865695747087651,0.8407908757192812,0.0
30897,5,3,cot,0.36324786324786323,0.6,0.5496235775578736,0.788814198053125,0.5109755111303099,0.31666666666666665
30897,5,3,few,0.35042735042735046,0.55,0.5930620025297316,0.7875194751801264,0.6114648553773941,0.4000000000000001
30897,5,3,zero,0.3461538461538461,0.6166666666666667,0.6394572311384253,0.7942533593869804,0.6088190350671,0.45
30897,5,5,cot,0.3119658119658119,0.6166666666666667,0.6131423269737248,0.7656391991281262,0.6031020188818176,0.4166666666666667
30897,5,5,few,0.26923076923076916,0.6333333333333333,0.6968128714955096,0.7951533966741334,0.7545635135418417,0.3666666666666667
30897,5,5,zero,0.34188034188034183,0.5,0.5640263028486756,0.7927873531048615,0.5964769780443154,0.8333333333333334
30897,10,3,cot,0.28632478632478625,0.6166666666666667,0.6564075898785823,0.7898511003990621,0.6981901928767255,0.5
30897,10,3,few,0.3205128205128205,0.6,0.694464388300608,0.7835905701610456,0.7923090924813061,0.5333333333333333
30897,10,3,zero,0.37606837606837606,0.5833333333333334,0.6005479633785397,0.7926662061331639,0.5587573160986473,0.8666666666666667
30897,10,5,cot,0.3547008547008547,0.6666666666666666,0.6447935150074552,0.794204072955694,0.6505890157457496,0.9
30897,10,5,few,0.3376068376068376,0.6833333333333332,0.7528220862862907,0.7957348019465088,0.8243391065275739,0.9499999999999998
30897,10,5,zero,0.34188034188034183,0.6666666666666666,0.7295915617591144,0.7962934916896797,0.7913213080492492,1.0
30897,20,1,cot,0.32478632478632474,0.5333333333333333,0.6525230878243726,0.7826978812602717,0.7847490874851557,0.0
30897,20,1,few,0.358974358974359,0.55,0.5147665194249974,0.7948265568198298,0.5170287325763333,0.0
30897,20,1,zero,0.358974358974359,0.5,0.5355543271229708,0.792583108528691,0.5393963445395334,0.0
31193,5,3,cot,0.2278481012658227,0.65,0.6820427551137129,0.792375392128197,0.7216779241140695,0.10000000000000002
31193,5,3,few,0.34177215189873406,0.65,0.6928633716077108,0.7856548354460052,0.6855505272591186,0.5
31193,5,3,zero,0.2658227848101265,0.6,0.6664225989982856,0.7839290480259216,0.7241654999627136,0.45
31193,5,5,cot,0.24894514767932482,0.6666666666666666,0.6849142438185888,0.7924493645152489,0.6905797708197089,0.4666666666666666
31193,5,5,few,0.34177215189873406,0.65,0.6928633716077108,0.7856548354460052,0.6855505272591186,0.5
31193,5,5,zero,0.2278481012658227,0.6,0.6666785519857621,0.7840727180328658,0.7085603412325548,0.5
31193,10,3,cot,0.26160337552742613,0.6,0.6569435998475686,0.7885608867360658,0.7136149771424539,0.18333333333333335
31193,10,3,few,0.24894514767932482,0.7000000000000001,0.7027678368750717,0.7884449009258775,0.6866952784058046,0.6333333333333333
31193,10,3,zero,0.2827004219409282,0.6666666666666666,0.6866915123218537,0.7874945019821578,0.7000521401256695,0.6333333333333333
31193,10,5,cot,0.3164556962025316,0.6666666666666666,0.692151967699861,0.7863685647174878,0.6859558197793492,0.4166666666666667
31193,10,5,few,0.3122362869198312,0.7166666666666667,0.6725101894161969,0.7949769378464294,0.6512366149788751,1.0
31193,10,5,zero,0.23206751054852318,0.6666666666666666,0.6772817500549717,0.7871324287718794,0.660474606089931,0.6166666666666667
31193,20,1,cot,0.1772151898734177,0.45,0.4658436642497891,0.7829459568768539,0.5232816351605051,0.0
31193,20,1,few,0.2784810126582278,0.65,0.7062600497317076,0.7935150133319947,0.7655879887226638,0.0
31193,20,1,zero,0.34177215189873406,0.65,0.6941553741102279,0.7901866019253855,0.7267405330737372,0.0
32308,5,3,cot,0.24122807017543854,0.3499999999999999,0.3346740390948546,0.7932931177919492,0.34757806835980204,0.13333333333333333
32308,5,3,few,0.2236842105263158,0.05000000000000001,0.041058779386889,0.7848515115911016,0.0384385701587714,0.10000000000000002
32308,5,3,zero,0.24999999999999997,0.18333333333333335,0.18267220844751522,0.7978315923883651,0.18663085466878035,0.26666666666666666
32308,5,5,cot,0.1885964912280701,0.3833333333333333,0.4402649368770785,0.7867100640150696,0.4431868029487998,0.39999999999999997
32308,5,5,few,0.20175438596491221,0.26666666666666666,0.24232577248498496,0.7899141771196257,0.2535165811713798,0.09999999999999999
32308,5,5,zero,0.23245614035087714,0.26666666666666666,0.25491290047474957,0.788997274921896,0.2604016688362663,0.4666666666666666
32308,10,3,cot,0.2587719298245614,0.2833333333333333,0.26806024412245727,0.7958127782808128,0.2547133388484007,0.16666666666666666
32308,10,3,few,0.24999999999999997,0.2333333333333333,0.2809398397537236,0.7659285631497976,0.28361706626993005,0.3333333333333333
32308,10,3,zero,0.2631578947368421,0.20000000000000004,0.28897760455411814,0.7832011907267408,0.34690825628906125,0.2333333333333333
32308,10,5,cot,0.20614035087719293,0.26666666666666666,0.30812980528472766,0.716389612907475,0.32358010732817233,0.6333333333333334
32308,10,5,few,0.19298245614035084,0.2833333333333333,0.3193569008033309,0.7899477453166827,0.29226810914117407,0.5
32308,10,5,zero,0.24561403508771926,0.31666666666666665,0.34035061155344354,0.7917720047003772,0.3353973889171257,0.7166666666666667
32308,20,1,cot,0.24561403508771926,0.25,0.34077678492000746,0.7015698798319736,0.4246531682541744,0.0
32308,20,1,few,0.2105263157894736,0.25,0.3137387956243597,0.7951772047244038,0.34766543376643994,0.0
32308,20,1,zero,0.24561403508771926,0.25,0.25244356525625805,0.7980448627255514,0.25630126144638526,0.0
33943,5,3,cot,0.35087719298245607,0.7333333333333334,0.7512020821689469,0.7941082732958034,0.7760608450430432,0.0
33943,5,3,few,0.4122807017543859,0.6833333333333332,0.7604659227421545,0.7854029557848438,0.8401898547215886,0.45
33943,5,3,zero,0.3815789473684211,0.8000000000000002,0.8201102821216552,0.7938309890934857,0.818815718809914,0.5
33943,5,5,cot,0.3991228070175438,0.8166666666666668,0.8600741795000811,0.7877548834246331,0.9125207868183877,0.3333333333333333
33943,5,5,few,0.381578947368421,0.8166666666666668,0.8155052728611283,0.7930405873053283,0.8170092827852115,0.6666666666666666
33943,5,5,zero,0.4210526315789473,0.7833333333333333,0.7368390721046336,0.7878793235849977,0.6959349207723822,0.6
33943,10,3,cot,0.3157894736842105,0.7166666666666667,0.7003249390222512,0.7956035330130048,0.7149627720777101,0.3666666666666667
33943,10,3,few,0.3991228070175438,0.8166666666666668,0.7659287444940962,0.7891107976360381,0.718919687195616,0.5666666666666667
33943,10,3,zero,0.3596491228070175,0.8000000000000002,0.7693512513862655,0.7984194191683587,0.7361964664305995,0.6999999999999998
33943,10,5,cot,0.3552631578947368,0.8333333333333334,0.8559752593901407,0.7979176082030884,0.8651352026313327,0.9333333333333332
33943,10,5,few,0.3114035087719298,0.8166666666666668,0.8721461003951215,0.7940357190656794,0.9501331588231744,0.9666666666666667
33943,10,5,zero,0.33771929824561403,0.75,0.793510291649098,0.7961086905858493,0.8214901971093923,1.0
33943,20,1,cot,0.25,0.5333333333333333,0.5654830458993682,0.7760390617863244,0.5662756114284752,0.0
33943,20,1,few,0.3421052631578947,0.6999999999999998,0.7658201300335316,0.7902482123781353,0.829892653571059,0.0
33943,20,1,zero,0.3552631578947368,0.65,0.730715942311229,0.7914224542461296,0.8193489173365335,0.0
35488,5,3,cot,0.37083333333333335,0.9499999999999998,0.9572416874849684,0.7876781993713041,0.9560058742856729,0.4000000000000001
35488,5,3,few,0.325,0.6833333333333332,0.7060177790410288,0.7828172144971147,0.6820126016913942,0.3333333333333333
35488,5,3,zero,0.3875,0.75,0.7952171329236725,0.7856336283187971,0.8198429905434549,0.5
35488,5,5,cot,0.325,0.8166666666666668,0.8235987515454565,0.7902816450474676,0.8264155015664304,0.049999999999999996
35488,5,5,few,0.3375000000000001,0.7166666666666667,0.7622494828956877,0.7862293274920212,0.7866527188411863,0.5666666666666668
35488,5,5,zero,0.2833333333333333,0.7833333333333333,0.8306404371878696,0.7927507906335892,0.8766233809190465,0.7333333333333334
35488,10,3,cot,0.225,0.5833333333333334,0.6518024375252395,0.7748760680268637,0.7126326751307402,0.6166666666666667
35488,10,3,few,0.3541666666666667,0.7666666666666666,0.8309124209783549,0.7920621415448282,0.9090975972342074,0.7000000000000001
35488,10,3,zero,0.2708333333333333,0.8166666666666668,0.8339917597449955,0.794913068138739,0.8471096290620285,0.7333333333333334
35488,10,5,cot,0.22083333333333333,0.5833333333333334,0.5822708765937411,0.7754588026050918,0.588203534368395,0.3333333333333333
35488,10,5,few,0.325,0.8833333333333333,0.8898150746654215,0.7961171054431201,0.8904686242979586,1.0
35488,10,5,zero,0.26666666666666666,0.8166666666666668,0.8357612245287943,0.7982635260772919,0.8581115883457215,0.9666666666666667
35488,20,1,cot,0.19583333333333333,0.75,0.789308144670681,0.7860494289331527,0.8062089754214368,0.0
35488,20,1,few,0.37083333333333335,0.8166666666666668,0.8618292021301618,0.7916854343458123,0.9080866150390144,0.0
35488,20,1,zero,0.325,0.8000000000000002,0.8369041686939367,0.7924080943439563,0.869365580454977,0.0
36082,5,3,cot,0.3684210526315789,0.8000000000000002,0.7423653476924811,0.7929755897427199,0.7435693189679259,0.25
36082,5,3,few,0.42105263157894735,0.85,0.8799688145246426,0.7920959439704945,0.9047194069117444,0.5
36082,5,3,zero,0.4473684210526316,0.85,0.8876687053205717,0.7862996700423274,0.9278464745608708,0.45
36082,5,5,cot,0.3991228070175438,0.9,0.9258690786483821,0.7930359203177048,0.9563616562029873,0.6833333333333332
36082,5,5,few,0.4166666666666666,0.8333333333333334,0.8783849140071195,0.7919162083949328,0.9355675616666329,0.8333333333333334
36082,5,5,zero,0.42105263157894735,0.8833333333333333,0.920417441621574,0.7964991947037158,0.9747405380280766,0.7333333333333334
36082,10,3,cot,0.37719298245614036,0.7666666666666666,0.7014434416723092,0.7997877885433864,0.6788117583454271,0.6833333333333332
36082,10,3,few,0.3947368421052631,0.85,0.8559699948356677,0.7940222896606034,0.8370838344232311,0.8000000000000002
36082,10,3,zero,0.4166666666666667,0.7166666666666667,0.7593605336400161,0.7962006138558014,0.7982342673809392,0.9
36082,10,5,cot,0.3859649122807018,0.7666666666666666,0.7575812416834754,0.7945489392464796,0.7920896507603165,0.7666666666666666
36082,10,5,few,0.37280701754385964,0.8666666666666667,0.8891249437233687,0.7972088789005037,0.9140339305374136,0.9499999999999998
36082,10,5,zero,0.3640350877192982,0.7000000000000001,0.7051301443053481,0.7917198514835079,0.7241407778095086,0.9833333333333334
36082,20,1,cot,0.3157894736842105,0.65,0.5812369924306896,0.709175282062123,0.5396325767455799,0.0
36082,20,1,few,0.3991228070175438,0.8333333333333334,0.8580493357417817,0.7958259151465031,0.8714039791477872,0.0
36082,20,1,zero,0.43421052631578944,0.8166666666666668,0.8498019120690651,0.7927556251466048,0.875718500410838,0.0
38047,5,3,cot,0.3416666666666666,0.75,0.8003116687502905,0.793226574021893,0.8412035744040388,0.13333333333333333
38047,5,3,few,0.32083333333333336,0.85,0.8970463156102007,0.796297816205306,0.9648307042115092,0.4000000000000001
38047,5,3,zero,0.3333333333333333,0.8333333333333334,0.8545445871768393,0.7915521486400411,0.858229912287575,0.35000000000000003
38047,5,5,cot,0.32916666666666666,0.7833333333333333,0.8324081750221725,0.7931707461920041,0.8781114135835498,0.10000000000000002
38047,5,5,few,0.35833333333333334,0.8833333333333333,0.8762231571700251,0.7915732217260217,0.8884595984654032,0.6666666666666666
38047,5,5,zero,0.31666666666666665,0.85,0.7533073409553933,0.7925344119412103,0.7216458352449066,0.65
38047,10,3,cot,0.325,0.8666666666666667,0.8849458093138661,0.7892020870326072,0.8907642957604257,0.6666666666666666
38047,10,3,few,0.3375000000000001,0.9,0.9261053519262029,0.7974193805968705,0.9537980178576154,0.8000000000000002
38047,10,3,zero,0.4124999999999999,0.9,0.9216344702466662,0.7964037315590192,0.9368349808945785,0.6999999999999998
38047,10,5,cot,0.31666666666666665,0.8333333333333334,0.8578496606110649,0.7897734860033063,0.8672857012698344,0.6666666666666666
38047,10,5,few,0.325,0.9,0.9261053519262029,0.7978076026524569,0.9537980178576154,0.9499999999999998
38047,10,5,zero,0.28750000000000003,0.85,0.890352930623215,0.7940085634830597,0.94036739826794,0.9333333333333332
38047,20,1,cot,0.32916666666666666,0.8833333333333333,0.8963896601576588,0.7816355097160533,0.9003678617707256,0.0
38047,20,1,few,0.3,0.85,0.8913551792273341,0.795839214511866,0.9398224846618811,0.0
38047,20,1,zero,0.3625,0.75,0.8259928398741989,0.7916530043641887,0.931744477143084,0.0
38927,5,3,cot,0.3506493506493506,0.75,0.7893680221291403,0.7846024181444142,0.80365782630682,0.45
38927,5,3,few,0.3376623376623376,0.6333333333333333,0.7055298243819998,0.7843617094798793,0.7715776360435803,0.08333333333333333
38927,5,3,zero,0.3766233766233766,0.8166666666666668,0.8372128393702001,0.7891480854395122,0.848004628312291,0.2833333333333333
38927,5,5,cot,0.28138528138528135,0.6333333333333333,0.6628193552660108,0.792065377882956,0.6900163980756086,0.5666666666666667
38927,5,5,few,0.35930735930735924,0.8000000000000002,0.8467700333750569,0.7883056530608216,0.8938901384992716,0.5333333333333333
38927,5,5,zero,0.3896103896103896,0.7666666666666666,0.7692300805946504,0.7926590749402225,0.7773501456260744,0.6333333333333333
38927,10,3,cot,0.35497835497835495,0.75,0.7134948465354403,0.7837956134013443,0.6521343993983313,0.45
38927,10,3,few,0.2987012987012987,0.6666666666666666,0.631742438842393,0.7922548465262685,0.616850442943709,0.5666666666666667
38927,10,3,zero,0.2987012987012987,0.6999999999999998,0.7112573490107437,0.7948801633504576,0.7185105831990506,0.75
38927,10,5,cot,0.30303030303030304,0.7166666666666667,0.6940848670456342,0.7818043588672978,0.6560460406609786,1.0
38927,10,5,few,0.26406926406926406,0.7166666666666667,0.7378403228525648,0.800527773833089,0.7680083076967752,1.0
38927,10,5,zero,0.303030303030303,0.7333333333333334,0.7251194571954368,0.7916654406148309,0.7161936160388173,0.85
38927,20,1,cot,0.3203463203463203,0.6666666666666666,0.7099211229932538,0.781955976665715,0.7409217392944173,0.0
38927,20,1,few,0.35930735930735924,0.8000000000000002,0.8601729762701789,0.7937467807094678,0.9417387336176035,0.0
38927,20,1,zero,0.3636363636363636,0.8000000000000002,0.8478289913504019,0.7951220793489524,0.901542868036676,0.0
41335,5,3,cot,0.3244444444444445,0.5333333333333333,0.6061976396906591,0.7397232226446889,0.6864319715945104,0.0
41335,5,3,few,0.27999999999999997,0.5666666666666667,0.605217693834985,0.7405881600933402,0.6320600832346189,0.4000000000000001
41335,5,3,zero,0.36000000000000004,0.6,0.7075927998851516,0.7890714269595351,0.8328095386725417,0.4000000000000001
41335,5,5,cot,0.2666666666666666,0.5,0.6090152340887864,0.7878233167380834,0.7215887762907887,0.0
41335,5,5,few,0.3066666666666666,0.5,0.4726368034516126,0.7891784622320119,0.4496391828415822,0.6
41335,5,5,zero,0.3333333333333333,0.6166666666666667,0.7183875107338845,0.7877494476477889,0.8336916049493449,0.43333333333333335
41335,10,3,cot,0.29777777777777775,0.5,0.5899737947519194,0.7071937175885098,0.6742943149328599,0.20000000000000004
41335,10,3,few,0.24,0.45,0.4428956228941232,0.7979875307348928,0.4825165342483453,0.5
41335,10,3,zero,0.35555555555555546,0.7000000000000001,0.6489827463675203,0.787964909940959,0.5864650208322809,0.39999999999999997
41335,10,5,cot,0.2711111111111111,0.75,0.8113897588244697,0.7698900952232206,0.8754939942381895,0.75
41335,10,5,few,0.2622222222222222,0.5,0.48391731552588385,0.7976817790399225,0.49251752454345327,0.9500000000000001
41335,10,5,zero,0.2666666666666666,0.5333333333333333,0.5097148187020631,0.7946140157297258,0.49112052994018934,0.8833333333333333
41335,20,1,cot,0.20000000000000004,0.9,0.88995411685096,0.7822206687668563,0.8571031746031746,0.0
41335,20,1,few,0.32,0.6166666666666667,0.5700328630036796,0.7152190271576834,0.5693275114405144,0.0
41335,20,1,zero,0.2933333333333333,0.5833333333333334,0.5034857534677349,0.7917764104821591,0.4623347058428327,0.0
42773,5,3,cot,0.2333333333333333,0.7166666666666667,0.7607251264955037,0.7928019590822876,0.7763868487320499,0.26666666666666666
42773,5,3,few,0.24583333333333335,0.7166666666666667,0.7760060040498199,0.7971514145125544,0.8221916073406011,0.39999999999999997
42773,5,3,zero,0.225,0.6999999999999998,0.7676569254043022,0.7936430255877923,0.8277878629368566,0.3499999999999999
42773,5,5,cot,0.1708333333333333,0.55,0.4798893330772776,0.7949854347345591,0.46882859765793206,0.10000000000000002
42773,5,5,few,0.2625,0.65,0.5860098591773866,0.7960432760734969,0.5911862262694305,0.5
42773,5,5,zero,0.3541666666666667,0.7833333333333333,0.8030116797261004,0.7916746696478748,0.7981349300138002,0.48333333333333334
42773,10,3,cot,0.3125,0.6833333333333332,0.7223545017906603,0.7822569958521374,0.7380819377704052,0.3833333333333333
42773,10,3,few,0.2833333333333333,0.7000000000000001,0.6297294937949945,0.800249690857202,0.6026291430161398,0.8166666666666668
42773,10,3,zero,0.27499999999999997,0.7833333333333333,0.7540311119321578,0.7941444299587531,0.7178745670967034,0.7833333333333333
42773,10,5,cot,0.22083333333333333,0.75,0.7605943839300654,0.7880649152131104,0.7669256882608275,0.5499999999999999
42773,10,5,few,0.25416666666666665,0.7000000000000001,0.7068582545931651,0.7979917524563077,0.7152303071885117,0.9666666666666667
42773,10,5,zero,0.25833333333333336,0.6833333333333332,0.6408116159686287,0.7901752566323167,0.5984459984459983,0.6833333333333332
42773,20,1,cot,0.125,0.43333333333333335,0.3745625440000148,0.7333619348644401,0.3440810645609407,0.0
42773,20,1,few,0.2708333333333333,0.7333333333333334,0.7492623034354047,0.8009435462159562,0.7217435222872529,0.0
42773,20,1,zero,0.1875,0.65,0.6273740905462092,0.793130253586241,0.5814666454546485,0.0
45050,5,3,cot,0.20444444444444443,0.6833333333333332,0.7047489438551552,0.7888276406204842,0.729405866751068,0.10000000000000002
45050,5,3,few,0.2533333333333333,0.6,0.4995997911343821,0.7866421801106861,0.4127468777352677,0.3
45050,5,3,zero,0.2533333333333333,0.6,0.669494152992918,0.7859731276705583,0.7207299077771213,0.4000000000000001
45050,5,5,cot,0.19555555555555548,0.4166666666666667,0.46078253999278246,0.7875414152952552,0.48774377368417615,0.13333333333333333
45050,5,5,few,0.25333333333333335,0.6333333333333333,0.5420571262921174,0.7899481157597367,0.4912213977829302,0.7166666666666667
45050,5,5,zero,0.23555555555555552,0.5833333333333334,0.6157351160956427,0.7858387372814933,0.6469787824547887,0.6833333333333332
45050,10,3,cot,0.31999999999999995,0.6666666666666666,0.7284426704379016,0.7836174342569479,0.8034531328378076,0.6
45050,10,3,few,0.2666666666666666,0.65,0.7019532022216367,0.785921095744215,0.7461763056345099,0.4000000000000001
45050,10,3,zero,0.24888888888888885,0.65,0.6590765826706627,0.7832519876216537,0.6620788239538239,0.65
45050,10,5,cot,0.2755555555555555,0.65,0.6497623290936787,0.7812052543604509,0.6447567247567246,0.7000000000000001
45050,10,5,few,0.14666666666666664,0.3833333333333333,0.44957085717308415,0.7655874894208842,0.48824750441623505,0.6
45050,10,5,zero,0.2222222222222222,0.5,0.588832340415283,0.7853171010193442,0.6644252797426172,0.9833333333333334
45050,20,1,cot,0.1466666666666666,0.6,0.5900490851534657,0.7814089047503949,0.5335317460317459,0.0
45050,20,1,few,0.2133333333333333,0.4833333333333334,0.5416964574490485,0.7827866110970487,0.5619120865947491,0.0
45050,20,1,zero,0.2266666666666666,0.55,0.6056780533487454,0.7837329173264532,0.6421866250794269,0.0
54017,5,3,cot,0.23245614035087714,0.6666666666666666,0.6829484781307427,0.7800461043456656,0.6885063932026005,0.3
54017,5,3,few,0.1885964912280701,0.5333333333333333,0.6337924668316819,0.7905684742669856,0.7249617921638046,0.0
54017,5,3,zero,0.20614035087719293,0.6166666666666667,0.6240216039086536,0.7824619868199418,0.6633182908995602,0.39999999999999997
54017,5,5,cot,0.23684210526315783,0.6833333333333332,0.7238906244691816,0.7909236176046477,0.77792201191195,0.4666666666666666
54017,5,5,few,0.2763157894736842,0.75,0.6710943583503423,0.7841208279244549,0.6196782590474542,0.5
54017,5,5,zero,0.2105263157894736,0.6,0.6510184639671642,0.7785520192565415,0.6847236662116692,0.5
54017,10,3,cot,0.2456140350877193,0.6333333333333333,0.6665999986019895,0.7871787939045566,0.704268215444686,0.3666666666666667
54017,10,3,few,0.2587719298245614,0.6999999999999998,0.7789384908278251,0.7914583708677311,0.8712293819298463,0.8000000000000002
54017,10,3,zero,0.2894736842105263,0.75,0.7610609257904075,0.8000613844906962,0.7472138604143247,0.6333333333333333
54017,10,5,cot,0.24561403508771926,0.6166666666666667,0.6909462195219119,0.7836605104399582,0.7503026749795326,1.0
54017,10,5,few,0.2587719298245614,0.7666666666666666,0.8226691171120061,0.7966772815333149,0.8771108513233125,0.9666666666666667
54017,10,5,zero,0.27192982456140347,0.7333333333333334,0.6406748599038241,0.8013993093900832,0.6010512876070151,0.8666666666666667
54017,20,1,cot,0.23684210526315785,0.5333333333333333,0.5720886168387994,0.6248213181613445,0.6352428023616105,0.0
54017,20,1,few,0.2587719298245614,0.5833333333333334,0.6547727824852028,0.7841135221148896,0.721093852111654,0.0
54017,20,1,zero,0.27631578947368424,0.6999999999999998,0.7154675601448522,0.7871975009488472,0.7232129042984305,0.0
55899,5,3,cot,0.12,0.27543859649122804,0.31095974396260245,0.7835451040423299,0.3185592963372212,0.016666666666666666
55899,5,3,few,0.2222222222222222,0.26666666666666666,0.3154912528938234,0.7868539956779861,0.35068400560854124,0.25
55899,5,3,zero,0.1466666666666666,0.2833333333333333,0.22882764105663642,0.7958309005860568,0.16721662260168446,0.11666666666666665
55899,5,5,cot,0.21777777777777774,0.26666666666666666,0.23974972078634382,0.7886647195352808,0.21771986498766682,0.48333333333333334
55899,5,5,few,0.2133333333333333,0.3,0.2560197221264779,0.7855901970006203,0.2174144092062048,0.45
55899,5,5,zero,0.32,0.20000000000000004,0.2761032282092135,0.7854669534215467,0.3204817198625248,0.05000000000000001
55899,10,3,cot,0.1911111111111111,0.31666666666666665,0.4307333972618237,0.7953358495023309,0.5020530334675072,0.16666666666666666
55899,10,3,few,0.20888888888888887,0.2833333333333333,0.33156073064406466,0.7935332432820213,0.38270416646190636,0.6
55899,10,3,zero,0.19555555555555557,0.2333333333333333,0.31603156681633293,0.7891795992211095,0.3619240105153418,0.5
55899,10,5,cot,0.20888888888888882,0.3,0.2769064359201568,0.7846629225533488,0.27341690552023373,0.6166666666666666
55899,10,5,few,0.19999999999999996,0.3,0.32151126896185134,0.7917776124516571,0.3250243319631865,0.7833333333333333
55899,10,5,zero,0.22222222222222218,0.3,0.26555819446684525,0.7875637481850238,0.24732348333354523,0.5666666666666667
55899,20,1,cot,0.24,0.3499999999999999,0.39119530939452235,0.7068133065937432,0.38712282063481745,0.0
55899,20,1,few,0.1333333333333333,0.20000000000000004,0.2234062519450151,0.7902220210303398,0.2747445403753453,0.0
55899,20,1,zero,0.16,0.25,0.2453771781350812,0.7970929457890678,0.2468562429572491,0.0
57977,5,3,cot,0.228310502283105,0.65,0.6274386086981314,0.7928284140057903,0.6682330734710765,0.25
57977,5,3,few,0.2602739726027397,0.6166666666666667,0.5805333049871456,0.7864954824489345,0.5762773705769062,0.4666666666666666
57977,5,3,zero,0.2191780821917808,0.45,0.4578140969841485,0.7774595322153561,0.40974434427801293,0.55
57977,5,5,cot,0.24200913242009134,0.7000000000000001,0.7067949169068627,0.8000073637185485,0.7135405069789744,0.5833333333333334
57977,5,5,few,0.2694063926940639,0.5,0.4117431655546319,0.774844719938705,0.32667578830698024,0.4666666666666666
57977,5,5,zero,0.2602739726027397,0.5833333333333334,0.6049058446488947,0.7819698886735013,0.6197229279291973,0.6333333333333333
57977,10,3,cot,0.2831050228310502,0.6666666666666666,0.6916437442630735,0.7902871961247232,0.7097464358397021,0.0
57977,10,3,few,0.23287671232876708,0.6,0.6584428999604738,0.7852537843177991,0.7276847696507138,0.75
57977,10,3,zero,0.20547945205479454,0.6,0.6077569963407966,0.783650294418342,0.6999540118464266,0.8000000000000002
57977,10,5,cot,0.2876712328767123,0.6666666666666666,0.6064725723763152,0.7877272105169899,0.5843819453107378,0.11666666666666665
57977,10,5,few,0.24200913242009134,0.6333333333333333,0.6763585866677083,0.787285577232644,0.7140157748884529,0.7666666666666667
57977,10,5,zero,0.2785388127853881,0.7333333333333334,0.770307870656104,0.7937739229768188,0.7843616054568067,1.0
57977,20,1,cot,0.1643835616438356,0.5,0.3822360008387525,0.7703229868186304,0.2767460317460317,0.0
57977,20,1,few,0.2191780821917808,0.7166666666666667,0.7194285997926123,0.7960461696018372,0.7094847557270157,0.0
57977,20,1,zero,0.2374429223744292,0.6166666666666667,0.6362962052858707,0.7903764354317627,0.6341438225803552,0.0
58604,5,3,cot,0.2933333333333333,0.8833333333333333,0.9208455891412356,0.7968204040147984,0.9767262211902303,0.0
58604,5,3,few,0.3288888888888889,0.7833333333333333,0.8108189658693158,0.7868065660420652,0.8084976092735382,0.43333333333333335
58604,5,3,zero,0.3333333333333333,0.75,0.7803211761235652,0.7895186139148033,0.7684835561325499,0.3
58604,5,5,cot,0.3066666666666667,0.75,0.792141445376742,0.7901280903614549,0.8096944500001775,0.5666666666666668
58604,5,5,few,0.28,0.85,0.8874464927567117,0.7963694896144803,0.9274197553106222,0.8833333333333333
58604,5,5,zero,0.3111111111111111,0.6999999999999998,0.7517545790957988,0.7891155674347793,0.7800372363704405,0.5
58604,10,3,cot,0.2933333333333333,0.7999999999999999,0.7997050773170775,0.7929749841948411,0.8023299874073867,0.3666666666666667
58604,10,3,few,0.27999999999999997,0.85,0.88499967604216,0.7952780514492085,0.9244467516487639,0.7666666666666666
58604,10,3,zero,0.2933333333333333,0.75,0.784114182681574,0.7875609030430849,0.7837799264289201,0.5
58604,10,5,cot,0.29777777777777775,0.7666666666666666,0.6998744615358307,0.7896751075279925,0.6605559169645856,0.75
58604,10,5,few,0.27999999999999997,0.8833333333333333,0.9023964811444175,0.7981491660487743,0.9138301633580271,1.0
58604,10,5,zero,0.32444444444444437,0.85,0.8776578888653744,0.79391052381759,0.8928598639492602,0.7833333333333333
58604,20,1,cot,0.1333333333333333,0.6999999999999998,0.6668373239086344,0.8181777270835201,0.5751027060314985,0.0
58604,20,1,few,0.28444444444444444,0.8666666666666667,0.8824337717755784,0.7905631256853152,0.8841744469840446,0.0
58604,20,1,zero,0.29777777777777775,0.8333333333333334,0.8259698302707998,0.7864535874201412,0.8251482458603202,0.0
59327,5,3,cot,0.24200913242009134,0.5333333333333333,0.5986656074091727,0.7878591536256825,0.6423257289665959,0.0
59327,5,3,few,0.2465753424657534,0.6,0.6473739190934,0.7894788617440467,0.706001372423586,0.45
59327,5,3,zero,0.2648401826484018,0.6333333333333333,0.7171663281723285,0.7901501719943744,0.8105610685467496,0.45
59327,5,5,cot,0.3881278538812785,0.65,0.6873131246166867,0.779153232633397,0.7162343838079132,0.9
59327,5,5,few,0.3013698630136986,0.65,0.7360498471067544,0.7935720218147968,0.8333792415874459,0.9499999999999998
59327,5,5,zero,0.319634703196347,0.7166666666666667,0.7465575231845324,0.7919470728338931,0.7662764848813609,0.65
59327,10,3,cot,0.3105022831050228,0.5833333333333334,0.6217380094381765,0.784113081390486,0.6238388514936503,0.39999999999999997
59327,10,3,few,0.3607305936073059,0.7000000000000001,0.7503906981657954,0.7835161100380917,0.7959809488040913,0.65
59327,10,3,zero,0.2602739726027397,0.65,0.7376978347681763,0.789994340715431,0.8399390706472749,0.5
59327,10,5,cot,0.3515981735159817,0.7000000000000001,0.7391287787446649,0.783662915673586,0.7787116073068087,0.8666666666666667
59327,10,5,few,0.2511415525114155,0.5666666666666668,0.6184339645371605,0.7865904763274564,0.6594550810243534,0.8333333333333334
59327,10,5,zero,0.33789954337899547,0.7166666666666667,0.7598356584585481,0.7876027683696248,0.799402929873131,0.7333333333333334
59327,20,1,cot,0.33789954337899547,0.5499999999999999,0.5731094082861978,0.7779871535767094,0.5702427013417725,0.0
59327,20,1,few,0.228310502283105,0.5333333333333333,0.5887193618699756,0.7885098227627112,0.6365761588342859,0.0
59327,20,1,zero,0.2602739726027397,0.5,0.602292929244152,0.786788756879304,0.7038253643071753,0.0
59557,5,3,cot,0.3835616438356164,0.75,0.8142887101182413,0.7946156353979544,0.8964126817454993,0.0
59557,5,3,few,0.4474885844748859,0.8000000000000002,0.8638472747857203,0.7818159943947506,0.9576060658181401,0.5
59557,5,3,zero,0.4337899543378995,0.7999999999999999,0.8297605059826094,0.7913210925875477,0.8637309397545465,0.45
59557,5,5,cot,0.37442922374429227,0.75,0.8098959814251381,0.7975217313119557,0.8852504010437449,0.13333333333333333
59557,5,5,few,0.42922374429223736,0.8166666666666668,0.8450272173036493,0.7911644988161318,0.8651086258942297,0.65
59557,5,5,zero,0.4063926940639269,0.8333333333333334,0.8650985093303737,0.7964345731159262,0.8925965855609818,0.6833333333333332
59557,10,3,cot,0.4063926940639269,0.5833333333333334,0.6503383773400699,0.7853913388048133,0.696831269650542,0.5166666666666666
59557,10,3,few,0.46575342465753417,0.9499999999999998,0.9416220292555311,0.7946673899445633,0.9273749219047205,0.8333333333333334
59557,10,3,zero,0.4383561643835616,0.6666666666666666,0.6894163193182834,0.7816109307365432,0.6895270317058242,0.5
59557,10,5,cot,0.35616438356164376,0.7666666666666666,0.7911430831231141,0.792566016180897,0.8130804644988081,0.5833333333333334
59557,10,5,few,0.3835616438356164,0.9333333333333332,0.9272432937223453,0.7927489877632801,0.9071211727442376,0.9666666666666667
59557,10,5,zero,0.4155251141552511,0.7999999999999999,0.8303803857722065,0.7899110620393645,0.8440289896578596,0.8166666666666668
59557,20,1,cot,0.23287671232876708,0.5,0.5986445819258789,0.69744646837645,0.6854630760106767,0.0
59557,20,1,few,0.4109589041095891,0.9166666666666666,0.9402681438245343,0.7939403998083286,0.9705052491797846,0.0
59557,20,1,zero,0.3881278538812785,0.7833333333333333,0.8412349472757779,0.7948902876617984,0.9131605909856685,0.0
60450,5,3,cot,0.09459459459459459,0.25,0.1959380984399599,0.7836618407608159,0.15662453022553632,0.0
60450,5,3,few,0.1081081081081081,0.3,0.4188371714865662,0.7914762938250247,0.4968739978202053,0.0
60450,5,3,zero,0.1351351351351351,0.4000000000000001,0.42112176014975305,0.7957906032913291,0.48543392294553284,0.3499999999999999
60450,5,5,cot,0.10360360360360356,0.08333333333333333,0.054805511877881165,0.7774026418222415,0.008650097465886866,0.21666666666666667
60450,5,5,few,0.027027027027027,0.0,0.0,0.7902148871128768,0.0,0.5789473684210527
60450,5,5,zero,0.1441441441441441,0.4000000000000001,0.49953387250219466,0.7930140071970531,0.5657410875444931,0.5833333333333334
60450,10,3,cot,0.09459459459459457,0.21666666666666667,0.2899473296419775,0.7887211571799343,0.35543675801609237,0.21666666666666667
60450,10,3,few,0.0405405405405405,0.05000000000000001,0.0328649705675769,0.7094577114366413,0.0051315789473684,0.4000000000000001
60450,10,3,zero,0.16216216216216214,0.3666666666666667,0.44563015828825847,0.7896949676126868,0.527774257619459,0.65
60450,10,5,cot,0.1306306306306306,0.28771929824561404,0.3010852102036666,0.7913727669815684,0.31870730602989844,0.7333333333333334
60450,10,5,few,0.06306306306306303,0.06929824561403507,0.05385021949747933,0.7312070782934513,0.0424106073386055,0.9166666666666666
60450,10,5,zero,0.1576576576576576,0.4166666666666667,0.4790915692963298,0.7949247997861586,0.5067133243719931,0.8666666666666667
60450,20,1,cot,0.09459459459459459,0.2333333333333333,0.2612188004092095,0.6641888279879018,0.30731481481481476,0.0
60450,20,1,few,0.0675675675675675,0.15,0.1947002792761546,0.7894084703510001,0.2456244989101026,0.0
60450,20,1,zero,0.13513513513513511,0.3666666666666667,0.47262819345421964,0.7951959094005723,0.5428125679789767,0.0
60863,5,3,cot,0.3203463203463203,0.5166666666666667,0.39723321696119435,0.7932936959615843,0.2700060837425388,0.09999999999999999
60863,5,3,few,0.29437229437229434,0.43333333333333335,0.3581569731705975,0.7870716579143343,0.30119535650108403,0.4000000000000001
60863,5,3,zero,0.3376623376623377,0.45,0.4428978785756454,0.78670337310595,0.40796049631769443,0.4166666666666667
60863,5,5,cot,0.28571428571428564,0.31666666666666665,0.31396447221808743,0.7793314663060876,0.284374164134226,0.31666666666666665
60863,5,5,few,0.2987012987012987,0.5,0.5318402828194854,0.7873314128326369,0.5386814752584876,0.75
60863,5,5,zero,0.3636363636363636,0.3833333333333333,0.34580617659060026,0.7876473689314771,0.340911513881715,0.65
60863,10,3,cot,0.3116883116883117,0.45,0.5597397922051079,0.7854721890708528,0.6562598100214199,0.6
60863,10,3,few,0.3203463203463203,0.4833333333333334,0.4193856580137793,0.787092482004096,0.3801328952838241,0.5
60863,10,3,zero,0.32900432900432897,0.55,0.5811832136601628,0.7866207985900294,0.5995243285839261,0.6666666666666666
60863,10,5,cot,0.2987012987012987,0.46666666666666673,0.42611931694597355,0.7607566477015603,0.41441750808817374,0.5333333333333333
60863,10,5,few,0.3636363636363636,0.5166666666666666,0.5360565143694875,0.7923325872109733,0.5395035048943718,0.9499999999999998
60863,10,5,zero,0.30303030303030304,0.6,0.5548108281814171,0.790235231265349,0.5634011692641723,0.8333333333333334
60863,20,1,cot,0.3246753246753247,0.3,0.2201186673307214,0.7833068854087858,0.1278932410898355,0.0
60863,20,1,few,0.3203463203463203,0.5166666666666667,0.5923470706477901,0.7905838159320923,0.6888499805005224,0.0
60863,20,1,zero,0.2727272727272727,0.45,0.5379379114903998,0.7908010266256257,0.6152579594897705,0.0
61875,5,3,cot,0.24,0.2833333333333333,0.3140801295870169,0.7841014127034586,0.3567536083054659,0.049999999999999996
61875,5,3,few,0.2666666666666666,0.3,0.406995377256856,0.780794081966253,0.48000424992104557,0.3
61875,5,3,zero,0.28,0.25,0.2345421435408256,0.7798490516494252,0.2094240713706658,0.3
61875,5,5,cot,0.18666666666666665,0.2833333333333333,0.36396202739855493,0.7915307802443919,0.4050066968062323,0.3333333333333333
61875,5,5,few,0.2533333333333333,0.25,0.3449414322477998,0.7821330912322262,0.3888192799202861,0.55
61875,5,5,zero,0.28444444444444444,0.2833333333333333,0.36083922609231994,0.7796460580700142,0.41246329042188173,0.5
61875,10,3,cot,0.36000000000000004,0.5666666666666668,0.526623431785972,0.7860213884353736,0.5452884769312788,0.15
61875,10,3,few,0.3066666666666666,0.25,0.2936246187048133,0.7805609654507091,0.2856996911756973,0.4000000000000001
61875,10,3,zero,0.23111111111111104,0.26666666666666666,0.32189653178148236,0.7873848219896183,0.34041628549755476,0.5166666666666667
61875,10,5,cot,0.2533333333333333,0.46666666666666673,0.3868454148952734,0.7880905247995464,0.32611233251326127,0.45
61875,10,5,few,0.24888888888888883,0.2333333333333333,0.3238818829681154,0.7817562329051834,0.38176422512529323,0.7999999999999999
61875,10,5,zero,0.21333333333333326,0.3666666666666667,0.44189324192921714,0.7902863413403609,0.4930160236506986,0.55
61875,20,1,cot,0.18666666666666662,0.18333333333333335,0.13342669846269056,0.775113695317065,0.07335810961197957,0.0
61875,20,1,few,0.26666666666666666,0.35000000000000003,0.453500964029571,0.7871407242730807,0.5146411441728779,0.0
61875,20,1,zero,0.28444444444444444,0.3833333333333333,0.4867540921053339,0.788713520771628,0.5547426776296746,0.0
66390,5,3,cot,0.35497835497835495,0.6999999999999998,0.77155166947602,0.7859145020279944,0.8426054320636364,0.45
66390,5,3,few,0.30303030303030304,0.75,0.8125045697869681,0.7929212914641709,0.8800045769647163,0.2833333333333333
66390,5,3,zero,0.14718614718614717,0.35000000000000003,0.41025473124442763,0.7917481989048891,0.4115794006331932,0.3666666666666667
66390,5,5,cot,0.28138528138528135,0.6,0.5390472621868436,0.7876614224556158,0.5387187819347262,0.016666666666666666
66390,5,5,few,0.26839826839826836,0.75,0.8182669892662736,0.7920666026344346,0.9033492775714139,0.6833333333333332
66390,5,5,zero,0.09090909090909087,0.4166666666666667,0.3641332587024883,0.8173990238508653,0.34806683025723273,0.8333333333333334
66390,10,3,cot,0.26406926406926406,0.5666666666666667,0.5734841114202657,0.7806490912556697,0.5388735690264328,0.5333333333333333
66390,10,3,few,0.1774891774891775,0.4166666666666667,0.4542616148422194,0.7970025561391445,0.503835288378632,0.5499999999999999
66390,10,3,zero,0.20779220779220775,0.43333333333333335,0.4060962627236588,0.7896183384466579,0.3912253778643097,0.5666666666666668
66390,10,5,cot,0.20779220779220775,0.6,0.629439622263137,0.7857109737157627,0.6287832460510479,0.6833333333333332
66390,10,5,few,0.17748917748917747,0.39999999999999997,0.3621964889107374,0.7628476105354906,0.3333472735697967,0.6
66390,10,5,zero,0.3246753246753247,0.6666666666666666,0.7072668220427188,0.7883306159195166,0.7757522311566429,0.9
66390,20,1,cot,0.16450216450216448,0.2333333333333333,0.21183603087737526,0.5499440216043734,0.2333292392735117,0.0
66390,20,1,few,0.1558441558441558,0.5,0.568192217258054,0.7932723990817019,0.5799355531379524,0.0
66390,20,1,zero,0.21645021645021645,0.6333333333333333,0.7037387828006042,0.7663281597338094,0.7639551591196329,0.0
69469,5,3,cot,0.29583333333333334,0.6833333333333332,0.7182319388128945,0.782619848553639,0.7150093193843193,0.3833333333333333
69469,5,3,few,0.25833333333333336,0.9166666666666666,0.9435206816980329,0.7951823130265545,0.9838866199876262,0.48333333333333334
69469,5,3,zero,0.3125,0.9,0.9318005793304279,0.7950860445149041,0.9784367475060197,0.4666666666666666
69469,5,5,cot,0.28750000000000003,0.8333333333333334,0.8772455952309377,0.7901431277290013,0.9285742618521257,0.6833333333333332
69469,5,5,few,0.25,0.8333333333333334,0.8660273721670523,0.8029864762818023,0.9008524439097195,0.8666666666666666
69469,5,5,zero,0.25416666666666665,0.9333333333333332,0.9481617902303375,0.7988860271892492,0.960728096507895,0.8166666666666668
69469,10,3,cot,0.3041666666666667,0.75,0.7483177624543913,0.7863497897351173,0.7410962348481697,0.7333333333333334
69469,10,3,few,0.3,0.8000000000000002,0.8329896263310245,0.7803082425800815,0.8384300627992577,0.75
69469,10,3,zero,0.3,0.8000000000000002,0.8638049572224453,0.7932671050907553,0.9578598149786228,0.8000000000000002
69469,10,5,cot,0.30416666666666664,0.8666666666666667,0.9004863188898563,0.7935022781036104,0.9358932640143941,0.7333333333333334
69469,10,5,few,0.19166666666666665,0.5333333333333333,0.4753525432092936,0.7349756558636497,0.39995911682057184,0.4666666666666666
69469,10,5,zero,0.25833333333333336,0.8333333333333334,0.8620238859827487,0.7974440477950114,0.884012014172618,1.0
69469,20,1,cot,0.14583333333333334,0.55,0.5932467043042392,0.7587203950241058,0.5963079847425823,0.0
69469,20,1,few,0.31666666666666665,0.8166666666666668,0.8605933840741469,0.7848115792461899,0.9072340535711279,0.0
69469,20,1,zero,0.2833333333333333,0.8333333333333334,0.8609170732089114,0.7942318738103239,0.8804259389418059,0.0
69716,5,3,cot,0.1666666666666666,0.45,0.3940421119266704,0.7737002663926531,0.36449724144964096,0.3
69716,5,3,few,0.2008547008547008,0.5666666666666667,0.6342439706713443,0.7838185662222279,0.6886185659598972,0.31666666666666665
69716,5,3,zero,0.18376068376068377,0.5,0.5929614326904327,0.7715631310286023,0.6580291734838949,0.21666666666666667
69716,5,5,cot,0.1666666666666666,0.45,0.5062075061122419,0.7711366813348955,0.5353542351181669,0.5666666666666667
69716,5,5,few,0.2435897435897435,0.6,0.669020770937613,0.7841881748959397,0.7383007141637172,0.65
69716,5,5,zero,0.2307692307692307,0.6,0.6026647718799553,0.7699789633975033,0.5541090572224473,0.5
69716,10,3,cot,0.2008547008547008,0.5333333333333333,0.584953826539768,0.7757492067066196,0.6086212287740925,0.4166666666666667
69716,10,3,few,0.1923076923076923,0.65,0.6173167292039964,0.7797042697061629,0.5965465638163006,0.48333333333333334
69716,10,3,zero,0.17948717948717943,0.5333333333333333,0.561067258721766,0.7775994066323869,0.601131065428666,0.5499999999999999
69716,10,5,cot,0.19658119658119655,0.5833333333333334,0.6023161200048666,0.768548561113921,0.5670498021213964,0.5
69716,10,5,few,0.2008547008547008,0.5666666666666667,0.622831323825415,0.7909287697187707,0.6491894156754837,0.4166666666666667
69716,10,5,zero,0.21794871794871792,0.65,0.6340043808793215,0.7767824356818508,0.6256997332732627,0.7666666666666666
69716,20,1,cot,0.14529914529914525,0.4166666666666667,0.3763682607173049,0.7697386213142311,0.33846570017816147,0.0
69716,20,1,few,0.1666666666666666,0.5333333333333333,0.5354160515704735,0.7674726591324189,0.5073117777761741,0.0
69716,20,1,zero,0.19658119658119655,0.43333333333333335,0.4921842176853952,0.7770480874453782,0.5387103704402466,0.0
69820,5,3,cot,0.3421052631578947,0.5833333333333334,0.4920913447581363,0.7757257080047361,0.4184840572224473,0.4000000000000001
69820,5,3,few,0.35964912280701755,0.7833333333333333,0.7364712057095759,0.7973613335528539,0.7518651520334959,0.4833333333333334
69820,5,3,zero,0.23684210526315783,0.5,0.424709411393638,0.7662439840510519,0.3480309042809043,0.0
69820,5,5,cot,0.3640350877192982,0.75,0.787156691754726,0.7807041464914869,0.812735736414142,0.5666666666666667
69820,5,5,few,0.3289473684210526,0.75,0.774528172051519,0.7927036081349129,0.818884721158328,0.7333333333333334
69820,5,5,zero,0.37280701754385964,0.6999999999999998,0.5838502901657949,0.7790953567543216,0.4604598488886414,0.4000000000000001
69820,10,3,cot,0.3333333333333333,0.6166666666666667,0.5424236470557332,0.7718379093609453,0.4921371204904486,0.5
69820,10,3,few,0.28947368421052627,0.7666666666666666,0.7835378650234124,0.7998533997466187,0.7883344809931497,0.75
69820,10,3,zero,0.3289473684210526,0.8166666666666668,0.8346544602643714,0.7999379183163681,0.8447378487955114,0.8000000000000002
69820,10,5,cot,0.34649122807017546,0.7166666666666667,0.6267648499711557,0.7773108089553241,0.5746800927973529,0.8333333333333334
69820,10,5,few,0.3201754385964912,0.7833333333333333,0.8031726662485185,0.7954844823142313,0.8148353146824509,0.9166666666666666
69820,10,5,zero,0.37719298245614036,0.85,0.8373072581327975,0.7981873886623045,0.8343446641937354,1.0
69820,20,1,cot,0.3157894736842105,0.6999999999999998,0.6178945565280378,0.6954811848397063,0.5518920278208204,0.0
69820,20,1,few,0.3289473684210526,0.6166666666666667,0.6448548434225553,0.7886626971267873,0.6585425719791044,0.0
69820,20,1,zero,0.3289473684210526,0.6,0.6158035902429422,0.7918172663056499,0.6198694232324262,0.0
69875,5,3,cot,0.25416666666666665,0.5499999999999999,0.5922270533146036,0.7105764678469907,0.6112299445910127,0.19999999999999998
69875,5,3,few,0.27499999999999997,0.6833333333333332,0.7014892562440987,0.7899046196751097,0.6908030079082709,0.0
69875,5,3,zero,0.25416666666666665,0.6333333333333333,0.6795593185391645,0.7911658044223024,0.6892861982645263,0.0
69875,5,5,cot,0.1875,0.5166666666666667,0.5582308633146658,0.7325836373546992,0.5658226915270259,0.3
69875,5,5,few,0.25833333333333336,0.7833333333333333,0.7925352874000308,0.6993986542516751,0.7733687832062445,0.5333333333333333
69875,5,5,zero,0.3,0.8000000000000002,0.7459803892951952,0.7152016468801449,0.7501070173806242,0.65
69875,10,3,cot,0.2833333333333333,0.6666666666666666,0.6582777393001707,0.7902754604317549,0.6404382106684738,0.3666666666666667
69875,10,3,few,0.2791666666666667,0.9,0.8737198814979475,0.8094920454655185,0.8554006033669346,0.75
69875,10,3,zero,0.3125,0.6666666666666666,0.7301126313205423,0.7953845390575677,0.7789550066949449,0.4000000000000001
69875,10,5,cot,0.2333333333333333,0.6666666666666666,0.7145580483437469,0.7854065688942514,0.7511325608945576,0.11666666666666665
69875,10,5,few,0.23750000000000002,0.7666666666666666,0.8032676129063869,0.7983854334347967,0.8252439107160471,0.6333333333333333
69875,10,5,zero,0.2791666666666667,0.6666666666666666,0.7316195165150527,0.7908088129570691,0.7807569959137295,0.6666666666666666
69875,20,1,cot,0.1875,0.48333333333333334,0.425798403180339,0.6979644734107846,0.4046532162940832,0.0
69875,20,1,few,0.3375000000000001,0.75,0.7107133640326971,0.8007460951285253,0.7365779127563185,0.0
69875,20,1,zero,0.2791666666666666,0.7833333333333333,0.6982365916438454,0.7184303953657184,0.6497976140932799,0.0
70782,5,3,cot,0.2125,0.45,0.4673148572851708,0.789807287663964,0.5260648456720438,0.25
70782,5,3,few,0.2333333333333333,0.6333333333333333,0.6688589174319631,0.789320475500444,0.6899817774817775,0.19999999999999998
70782,5,3,zero,0.2125,0.5333333333333333,0.505427495624536,0.7834668236276245,0.5135947890688602,0.3499999999999999
70782,5,5,cot,0.19583333333333333,0.48333333333333334,0.48207438528496627,0.7911025361417977,0.5089493684849721,0.6666666666666666
70782,5,5,few,0.17499999999999996,0.65,0.7322887148983933,0.7947169080587108,0.8183300802224952,0.4000000000000001
70782,5,5,zero,0.19583333333333333,0.5833333333333334,0.5157740339681892,0.7895713245789772,0.471285302459838,0.7666666666666666
70782,10,3,cot,0.12083333333333335,0.43333333333333335,0.5362477559289514,0.7870764305440322,0.6001540118664732,0.0
70782,10,3,few,0.2125,0.5,0.5047233952350001,0.7850473098356018,0.545360891688291,0.85
70782,10,3,zero,0.2333333333333333,0.65,0.6402089901029443,0.7897389361330825,0.6312084297281665,0.8833333333333333
70782,10,5,cot,0.18333333333333335,0.5333333333333333,0.5955544006570678,0.7825475892603845,0.6536668200793588,0.11666666666666665
70782,10,5,few,0.19583333333333333,0.5166666666666667,0.4954456358866577,0.7590746776417564,0.5121313930737306,0.5666666666666668
70782,10,5,zero,0.2041666666666667,0.7000000000000001,0.7384116041150909,0.7894588234302056,0.7602789074673749,1.0
70782,20,1,cot,0.23749999999999996,0.65,0.7041195001750383,0.7751835787688796,0.7498659748833897,0.0
70782,20,1,few,0.19166666666666665,0.5499999999999999,0.5036193179461729,0.7914738227684178,0.5154287472360227,0.0
70782,20,1,zero,0.2125,0.6,0.6910014928624145,0.7882354481489388,0.7838540701214849,0.0
